﻿ELSI Export

National Center for Education Statistics - http://nces.ed.gov/ccd/elsi/

This is a State based table with the following filters applied: State(s) (All Years): All 50 + DC

State Name,Grade 5 Students [State] 2017-18,Grade 5 Students [State] 2016-17,Grade 5 Students [State] 2015-16,Grade 5 Students [State] 2014-15,Grade 5 Students [State] 2013-14,Grade 5 Students [State] 2012-13,Grade 5 Students [State] 2011-12,Grade 5 Students [State] 2010-11,Grade 5 Students [State] 2009-10,Grade 5 Students [State] 2008-09,Grade 5 Students [State] 2007-08,Grade 5 Students [State] 2006-07,Grade 5 Students [State] 2005-06,Grade 5 Students [State] 2004-05,Grade 5 Students [State] 2003-04,Grade 5 Students [State] 2002-03,Grade 5 Students [State] 2001-02,Grade 5 Students [State] 2000-01,Grade 5 Students [State] 1999-00,Grade 5 Students [State] 1998-99,Grade 5 Students [State] 1997-98,Grade 5 Students [State] 1996-97,Grade 5 Students [State] 1995-96,Grade 5 Students [State] 1994-95,Grade 5 Students [State] 1993-94,Grade 5 Students [State] 1992-93,Grade 5 Students [State] 1991-92,Grade 5 Students [State] 1990-91,Grade 5 Students [State] 1989-90,Grade 5 Students [State] 1988-89,Grade 5 Students [State] 1987-88,Grade 5 Students [State] 1986-87,Grade 6 Students [State] 2017-18,Grade 6 Students [State] 2016-17,Grade 6 Students [State] 2015-16,Grade 6 Students [State] 2014-15,Grade 6 Students [State] 2013-14,Grade 6 Students [State] 2012-13,Grade 6 Students [State] 2011-12,Grade 6 Students [State] 2010-11,Grade 6 Students [State] 2009-10,Grade 6 Students [State] 2008-09,Grade 6 Students [State] 2007-08,Grade 6 Students [State] 2006-07,Grade 6 Students [State] 2005-06,Grade 6 Students [State] 2004-05,Grade 6 Students [State] 2003-04,Grade 6 Students [State] 2002-03,Grade 6 Students [State] 2001-02,Grade 6 Students [State] 2000-01,Grade 6 Students [State] 1999-00,Grade 6 Students [State] 1998-99,Grade 6 Students [State] 1997-98,Grade 6 Students [State] 1996-97,Grade 6 Students [State] 1995-96,Grade 6 Students [State] 1994-95,Grade 6 Students [State] 1993-94,Grade 6 Students [State] 1992-93,Grade 6 Students [State] 1991-92,Grade 6 Students [State] 1990-91,Grade 6 Students [State] 1989-90,Grade 6 Students [State] 1988-89,Grade 6 Students [State] 1987-88,Grade 6 Students [State] 1986-87,Grade 7 Students [State] 2017-18,Grade 7 Students [State] 2016-17,Grade 7 Students [State] 2015-16,Grade 7 Students [State] 2014-15,Grade 7 Students [State] 2013-14,Grade 7 Students [State] 2012-13,Grade 7 Students [State] 2011-12,Grade 7 Students [State] 2010-11,Grade 7 Students [State] 2009-10,Grade 7 Students [State] 2008-09,Grade 7 Students [State] 2007-08,Grade 7 Students [State] 2006-07,Grade 7 Students [State] 2005-06,Grade 7 Students [State] 2004-05,Grade 7 Students [State] 2003-04,Grade 7 Students [State] 2002-03,Grade 7 Students [State] 2001-02,Grade 7 Students [State] 2000-01,Grade 7 Students [State] 1999-00,Grade 7 Students [State] 1998-99,Grade 7 Students [State] 1997-98,Grade 7 Students [State] 1996-97,Grade 7 Students [State] 1995-96,Grade 7 Students [State] 1994-95,Grade 7 Students [State] 1993-94,Grade 7 Students [State] 1992-93,Grade 7 Students [State] 1991-92,Grade 7 Students [State] 1990-91,Grade 7 Students [State] 1989-90,Grade 7 Students [State] 1988-89,Grade 7 Students [State] 1987-88,Grade 7 Students [State] 1986-87,Grade 8 Students [State] 2017-18,Grade 8 Students [State] 2016-17,Grade 8 Students [State] 2015-16,Grade 8 Students [State] 2014-15,Grade 8 Students [State] 2013-14,Grade 8 Students [State] 2012-13,Grade 8 Students [State] 2011-12,Grade 8 Students [State] 2010-11,Grade 8 Students [State] 2009-10,Grade 8 Students [State] 2008-09,Grade 8 Students [State] 2007-08,Grade 8 Students [State] 2006-07,Grade 8 Students [State] 2005-06,Grade 8 Students [State] 2004-05,Grade 8 Students [State] 2003-04,Grade 8 Students [State] 2002-03,Grade 8 Students [State] 2001-02,Grade 8 Students [State] 2000-01,Grade 8 Students [State] 1999-00,Grade 8 Students [State] 1998-99,Grade 8 Students [State] 1997-98,Grade 8 Students [State] 1996-97,Grade 8 Students [State] 1995-96,Grade 8 Students [State] 1994-95,Grade 8 Students [State] 1993-94,Grade 8 Students [State] 1992-93,Grade 8 Students [State] 1991-92,Grade 8 Students [State] 1990-91,Grade 8 Students [State] 1989-90,Grade 8 Students [State] 1988-89,Grade 8 Students [State] 1987-88,Grade 8 Students [State] 1986-87,Grade 9 Students [State] 2017-18,Grade 9 Students [State] 2016-17,Grade 9 Students [State] 2015-16,Grade 9 Students [State] 2014-15,Grade 9 Students [State] 2013-14,Grade 9 Students [State] 2012-13,Grade 9 Students [State] 2011-12,Grade 9 Students [State] 2010-11,Grade 9 Students [State] 2009-10,Grade 9 Students [State] 2008-09,Grade 9 Students [State] 2007-08,Grade 9 Students [State] 2006-07,Grade 9 Students [State] 2005-06,Grade 9 Students [State] 2004-05,Grade 9 Students [State] 2003-04,Grade 9 Students [State] 2002-03,Grade 9 Students [State] 2001-02,Grade 9 Students [State] 2000-01,Grade 9 Students [State] 1999-00,Grade 9 Students [State] 1998-99,Grade 9 Students [State] 1997-98,Grade 9 Students [State] 1996-97,Grade 9 Students [State] 1995-96,Grade 9 Students [State] 1994-95,Grade 9 Students [State] 1993-94,Grade 9 Students [State] 1992-93,Grade 9 Students [State] 1991-92,Grade 9 Students [State] 1990-91,Grade 9 Students [State] 1989-90,Grade 9 Students [State] 1988-89,Grade 9 Students [State] 1987-88,Grade 9 Students [State] 1986-87,Grade 10 Students [State] 2017-18,Grade 10 Students [State] 2016-17,Grade 10 Students [State] 2015-16,Grade 10 Students [State] 2014-15,Grade 10 Students [State] 2013-14,Grade 10 Students [State] 2012-13,Grade 10 Students [State] 2011-12,Grade 10 Students [State] 2010-11,Grade 10 Students [State] 2009-10,Grade 10 Students [State] 2008-09,Grade 10 Students [State] 2007-08,Grade 10 Students [State] 2006-07,Grade 10 Students [State] 2005-06,Grade 10 Students [State] 2004-05,Grade 10 Students [State] 2003-04,Grade 10 Students [State] 2002-03,Grade 10 Students [State] 2001-02,Grade 10 Students [State] 2000-01,Grade 10 Students [State] 1999-00,Grade 10 Students [State] 1998-99,Grade 10 Students [State] 1997-98,Grade 10 Students [State] 1996-97,Grade 10 Students [State] 1995-96,Grade 10 Students [State] 1994-95,Grade 10 Students [State] 1993-94,Grade 10 Students [State] 1992-93,Grade 10 Students [State] 1991-92,Grade 10 Students [State] 1990-91,Grade 10 Students [State] 1989-90,Grade 10 Students [State] 1988-89,Grade 10 Students [State] 1987-88,Grade 10 Students [State] 1986-87,Grade 11 Students [State] 2017-18,Grade 11 Students [State] 2016-17,Grade 11 Students [State] 2015-16,Grade 11 Students [State] 2014-15,Grade 11 Students [State] 2013-14,Grade 11 Students [State] 2012-13,Grade 11 Students [State] 2011-12,Grade 11 Students [State] 2010-11,Grade 11 Students [State] 2009-10,Grade 11 Students [State] 2008-09,Grade 11 Students [State] 2007-08,Grade 11 Students [State] 2006-07,Grade 11 Students [State] 2005-06,Grade 11 Students [State] 2004-05,Grade 11 Students [State] 2003-04,Grade 11 Students [State] 2002-03,Grade 11 Students [State] 2001-02,Grade 11 Students [State] 2000-01,Grade 11 Students [State] 1999-00,Grade 11 Students [State] 1998-99,Grade 11 Students [State] 1997-98,Grade 11 Students [State] 1996-97,Grade 11 Students [State] 1995-96,Grade 11 Students [State] 1994-95,Grade 11 Students [State] 1993-94,Grade 11 Students [State] 1992-93,Grade 11 Students [State] 1991-92,Grade 11 Students [State] 1990-91,Grade 11 Students [State] 1989-90,Grade 11 Students [State] 1988-89,Grade 11 Students [State] 1987-88,Grade 11 Students [State] 1986-87,Grade 12 Students [State] 2017-18,Grade 12 Students [State] 2016-17,Grade 12 Students [State] 2015-16,Grade 12 Students [State] 2014-15,Grade 12 Students [State] 2013-14,Grade 12 Students [State] 2012-13,Grade 12 Students [State] 2011-12,Grade 12 Students [State] 2010-11,Grade 12 Students [State] 2009-10,Grade 12 Students [State] 2008-09,Grade 12 Students [State] 2007-08,Grade 12 Students [State] 2006-07,Grade 12 Students [State] 2005-06,Grade 12 Students [State] 2004-05,Grade 12 Students [State] 2003-04,Grade 12 Students [State] 2002-03,Grade 12 Students [State] 2001-02,Grade 12 Students [State] 2000-01,Grade 12 Students [State] 1999-00,Grade 12 Students [State] 1998-99,Grade 12 Students [State] 1997-98,Grade 12 Students [State] 1996-97,Grade 12 Students [State] 1995-96,Grade 12 Students [State] 1994-95,Grade 12 Students [State] 1993-94,Grade 12 Students [State] 1992-93,Grade 12 Students [State] 1991-92,Grade 12 Students [State] 1990-91,Grade 12 Students [State] 1989-90,Grade 12 Students [State] 1988-89,Grade 12 Students [State] 1987-88,Grade 12 Students [State] 1986-87
ALABAMA,57928,55798,55340,55265,55699,56523,58415,59897,58656,57955,57017,56326,57115,57293,58853,59156,59698,60123,58381,57436,57360,56550,57142,57923,58098,58970,59255,60227,57958,57035,56996,53977,55711,55256,54900,54859,56428,58240,59082,59157,58231,57328,56749,57483,58438,59406,59799,60464,60546,58825,57703,57689,57154,57332,58704,58719,59400,59929,61091,58794,57601,57592,55025,56059,55600,55270,55172,56251,58455,59685,59050,59242,58118,57910,58810,59802,61130,61450,61854,61950,60194,59219,58969,58681,59488,60302,61122,61765,62144,62904,60915,59962,60174,57789,59245,60804,55226,55055,55792,57471,58799,58151,57919,57992,57027,57809,58792,59573,59643,59286,59663,57576,56591,56951,56201,57105,58210,58305,59914,59165,60004,58025,56607,57024,54912,55262,56472,57261,57301,58792,60507,61876,62069,61642,61412,62615,63338,64681,65355,64943,65192,64569,62718,61646,61038,60463,61150,62724,63707,64205,65299,63656,62141,60590,60210,57318,58333,58543,59480,62612,55318,57037,57689,57113,56144,56229,55908,57644,57794,56559,55502,55864,55492,53604,53695,52543,51525,51991,52304,52731,52780,52848,53780,50929,50543,50629,48417,49923,49868,51114,53174,56014,53920,54489,53318,52150,51527,50387,50785,51962,50199,49587,49884,49690,48278,47538,47489,46449,46138,46392,46015,46218,47389,48417,46780,44970,46067,44000,45179,45437,46330,47873,49834,50731,52848,52320,50668,49929,48965,48945,49510,49719,48164,46763,46200,44471,43452,42672,42005,45521,42909,42512,42576,43957,44272,42510,40981,41730,39900,41167,41725,42031,43482,45571,45742,45396
ALASKA,10229,10116,9793,9642,9543,9677,9891,9988,9864,9507,9527,9510,9679,10048,10169,10775,10787,10743,10555,10528,10185,10268,10112,10086,9809,9896,9407,9056,8492,8151,7995,7875,10007,9750,9648,9456,9518,9844,9901,9933,9567,9441,9475,9718,10042,10151,10907,10899,10941,10624,10574,10399,10298,10176,9870,9674,9817,9542,9213,8665,8143,7826,7580,7580,9741,9620,9512,9470,9736,9834,9924,9636,9657,9640,9821,10154,10276,10886,11095,11203,10967,10862,10683,10932,10542,10115,9845,9943,9852,9392,8892,8466,8039,7650,7411,7516,9478,9410,9400,9653,9677,9806,9527,9622,9626,9673,9953,10155,10793,10857,11140,10840,10702,10377,10575,10497,9954,9627,9573,9503,9160,8789,8430,7967,7572,7184,7278,7313,9584,9615,9869,9908,9904,9724,9833,10023,10112,10475,10719,11337,11405,11934,11803,11881,11734,11582,11568,11442,10671,10621,10263,9947,9608,9187,8449,8114,7545,7468,7549,7872,9285,9569,9632,9522,9284,9415,9546,9723,10072,10200,10639,10839,11035,10664,10623,10219,10147,10110,10217,9749,9561,9426,9045,8692,8514,7889,7670,7306,7109,7085,7181,7894,9503,9649,9536,9330,9542,9585,9813,10725,10874,10937,10599,10226,10045,9625,9161,9074,9240,8887,8624,8800,8471,8140,7765,7642,7250,7057,6816,6700,6526,6559,7094,7423,9882,9740,9651,9671,9500,9696,9918,9643,9779,9787,10092,10039,9578,8766,8651,8810,8340,8335,8381,8403,7771,7370,7111,7057,6975,6714,6621,6486,6402,6851,7160,6753
ARIZONA,88849,88101,85719,85172,84535,83093,83185,82690,83193,82347,82499,82014,79659,77929,75757,72820,74464,72371,67853,66336,63429,63375,59894,58579,58110,54630,52953,51912,48580,43713,43353,37402,87512,87055,85202,85032,83495,83540,83150,82305,81987,82021,83078,81214,80391,77592,77508,73351,74408,69828,67086,64938,64243,62791,58281,58791,57242,53832,51882,49763,45190,42508,41104,37587,86544,86762,85222,84435,84315,83568,82879,81445,82050,82894,81611,82121,80393,79811,77943,73453,72303,69110,66236,66648,64019,62140,58829,58676,55834,52793,50528,47832,45518,41345,41305,38364,86287,86312,84084,84596,83849,82769,81294,80636,82163,81576,81196,80769,80683,78595,76376,69841,69643,65526,65338,63943,60138,60514,56407,55334,53500,49081,47200,45802,42172,39317,40269,38060,86236,85960,85281,85031,83995,82291,82089,82304,82461,83831,84030,84086,99040,91860,87576,79777,72859,70727,68646,67476,66357,64566,59346,59150,54878,51426,49038,46369,44106,43002,43183,44263,83999,85327,83730,83033,81410,80074,80788,79842,80281,80200,80655,79927,92746,82536,79320,71165,67117,63765,60489,60333,58472,56109,52654,51564,48281,46790,43323,42359,40525,39886,40840,43003,78514,80948,79714,78575,77448,77518,76751,76275,75372,75282,75416,73175,83935,75259,71561,65222,57782,52940,51771,51245,48676,47573,43547,43363,41964,39584,37828,37043,35670,37050,38951,39685,84330,86960,84854,84913,84291,81751,81179,81326,79283,76735,76275,71388,79180,71035,68815,60820,52162,49501,47907,45813,44259,42041,39197,40119,37614,37410,36122,34645,35618,36962,36513,35777
ARKANSAS,38844,35930,35850,36153,36146,36569,36856,36628,36489,35824,35588,35058,34623,34457,34265,35467,35774,35924,35020,34211,33695,34270,34875,34620,34834,34740,34704,34822,33829,32648,32686,32189,36305,36055,36020,36037,36564,36727,36592,36591,35958,35690,35057,34793,35281,34740,35831,36109,36124,35416,34397,34183,34451,35288,35104,35024,35107,35017,34999,33913,32814,32865,32110,32307,36431,36515,36245,36822,36876,36693,36832,36306,36113,35587,35502,36009,36098,36881,37165,36894,36284,35562,35267,35570,36585,36779,37023,36795,36892,37448,35797,34729,34609,33580,33743,34341,36631,36351,36882,36788,36660,36607,36339,36237,35715,35387,35944,36026,37279,37369,37004,36102,35372,34873,35403,35936,36229,37064,36696,36437,36471,36011,34527,34384,33353,33461,33810,34053,37758,38327,38044,38157,37934,37978,38078,37807,37556,37627,37819,38937,38952,38279,37301,36395,35894,36078,36657,36378,37038,37160,37005,36689,36045,33518,33693,32696,32731,33009,33489,34501,37245,36829,36951,36749,36447,36343,35729,35280,35523,35853,36781,37233,37331,35794,35343,34386,34418,34958,35081,35264,35333,35335,35209,34158,32711,32700,31583,31649,31965,32169,33337,35025,35387,35048,34862,34319,34158,33373,32711,32739,32567,33460,33613,33902,32603,31928,31228,31658,32257,31557,31839,31742,31874,31889,30566,29429,29876,29244,29389,29424,29597,30746,32346,31354,33097,32881,32385,32428,31646,30734,30441,30330,30567,30256,30708,29617,29351,28640,28840,29277,28849,28918,29316,29123,29204,27613,27083,27161,27169,27651,27544,27734,28505,30074,29499,28729
CALIFORNIA,472202,487493,476427,472156,469645,462439,452305,469800,460248,467278,470021,478821,485857,492895,492523,488150,491274,490557,464380,451602,434280,427682,424838,416333,413420,410701,401538,384483,358578,339997,330395,314258,486261,475809,471467,469413,462125,463024,466942,467271,461373,469183,478685,485405,489656,491264,490081,495238,493218,464494,451810,433720,426302,423701,413776,409387,405416,399776,386807,363538,347629,335443,319686,308678,477308,473574,470753,464286,465592,470054,464260,463505,466893,479359,487331,493306,491516,492879,500404,500138,472363,458823,439075,431003,426245,416268,409978,403367,398553,388439,370964,359008,349524,330437,321898,312983,474828,472340,465322,467038,472381,465967,467626,476639,472856,486390,490054,491871,489560,498806,500143,473553,461133,441877,431730,424768,412604,406456,399039,388561,380223,363296,355168,347479,330967,318856,311579,304787,495277,487548,487202,495004,491493,497945,501073,510011,524681,539167,541650,545466,546914,549463,528564,522108,499505,485910,482355,468162,458650,450820,437974,420643,406551,396482,398734,381573,367444,356732,345654,348672,483745,486085,488004,480753,484993,487566,494739,502452,506192,509157,513707,517813,515681,497197,490214,471648,459588,455134,444161,433528,423865,413725,396020,381364,375992,375327,370635,361594,349715,338871,345144,363756,475696,481521,472968,477097,477425,482903,487113,488530,487688,489207,488227,487440,467241,459125,440546,428117,420295,409119,401348,390742,378819,362404,343419,334408,333716,329527,324395,315322,309689,313982,332980,341809,489221,484169,492835,496901,498403,496754,494144,492545,478503,476156,468281,443253,423241,409576,395194,385181,365907,357789,347914,334852,317595,298669,287428,285132,277271,270675,260693,244142,243023,257450,266028,251281
COLORADO,69821,68757,67230,66613,66326,64727,64089,63328,61547,60093,58219,57906,57109,56901,57662,58895,58318,57404,55156,54068,53377,53400,52646,51311,51307,50165,47962,45685,43471,41272,40805,39908,69321,67638,67115,67032,65161,64448,63492,61755,60631,58993,58231,57850,57673,58298,59013,58906,58213,56330,54957,54053,54004,52942,51856,51775,50619,48686,46531,43899,41401,40698,39316,39878,67899,67541,67471,65641,64808,63658,62153,60928,59669,58972,58369,58388,59005,59548,59352,58973,57494,56139,54856,54589,53406,52486,52282,51103,49168,47626,44823,42201,41056,40163,39752,39895,67854,67659,65957,65116,63820,62260,61156,59684,59129,58733,58396,59497,59929,59397,58897,57664,56540,55384,54599,53556,52632,52269,51180,49332,47665,45025,42334,41075,39697,39524,38541,40066,70017,68476,67759,66612,64753,63859,62358,62258,64106,63779,63333,64754,63818,64446,63312,63076,62756,61197,58710,58265,56644,55219,52472,50078,47344,45363,44345,42553,42278,41346,42018,44478,67140,66463,65603,63695,62510,60842,60662,60775,60394,60554,60702,60272,59962,57678,56844,55938,54862,54006,52548,51622,50972,49058,47128,44702,42536,41844,40656,39863,38630,39464,41889,44794,65136,64317,62230,61335,59281,58847,58993,58307,57964,57870,56772,56037,54353,52770,52288,51593,50459,49237,47725,47173,45380,44244,41751,39956,39610,38559,38164,36614,37391,38819,42006,42543,68112,66244,65317,63001,62836,62503,61398,60899,58526,55936,55334,53922,51818,50387,48924,46790,44912,43502,41999,40076,39263,37179,35480,35464,34770,34533,33108,33582,34799,37538,39231,37327
CONNECTICUT,40145,39417,39678,39843,40857,40196,41078,41550,41726,42387,42136,42910,42683,43686,44259,44776,45243,45562,44712,43559,41935,41354,40650,39693,37639,37138,36476,35313,34051,32902,31986,30914,39621,39820,39931,40856,40058,40979,41431,41930,42507,42137,42864,42920,43533,44457,45245,44714,45879,44536,43524,42167,41267,40511,39468,38110,37007,36294,35273,34220,32948,32325,30877,31309,40142,40119,40996,40200,41123,41533,41964,42616,42305,43033,43041,43766,44510,45136,45333,45882,45254,44096,42725,41837,40650,39816,38253,37577,36127,35526,34524,33458,32737,31757,31984,32112,40310,41128,40320,41165,41460,42020,42511,42346,42999,43027,43670,44609,44680,45072,45854,44422,43954,42597,41205,40254,39089,37991,37320,35665,34662,33691,32968,32382,31127,31713,31729,32229,43232,43024,43819,44630,45055,45166,45140,45908,46385,47216,48472,48579,49070,49177,48643,46840,46621,45525,43977,43140,41713,41003,39380,38001,36481,35796,35258,33381,33185,33688,34707,37191,41092,41741,41962,42367,42211,42144,43145,43573,43836,44485,44526,44980,45266,44580,43547,42488,41778,40608,39273,37682,36746,35800,34797,33780,32802,32767,31895,31186,31306,31825,34202,37775,40616,40679,40954,40775,40997,42192,42098,42209,42754,42536,42667,43451,42356,41124,39990,38638,37511,37010,35160,34058,32753,32068,31198,30760,30393,29988,30083,29289,29491,31247,35480,37293,40802,40831,40321,40018,40775,40743,40677,41381,41029,40743,40927,40027,38662,38340,37229,36059,34301,32591,31670,30437,29660,28882,28282,28640,27979,28366,28339,27859,29186,32164,34805,34742
DELAWARE,10754,10683,10352,10291,10209,9619,9900,9897,9511,9241,8963,9039,9059,9172,9204,9091,8900,8643,8555,8834,8405,8618,8362,8402,8335,8311,8269,7892,7633,7072,6786,6422,10498,10482,10251,10414,9965,9699,9887,9847,9562,9265,9177,9306,9532,9491,9439,9306,9135,8841,9014,8693,8746,8610,8520,8416,8302,8342,8136,7680,7178,6965,6570,6591,10362,10323,10314,10138,9990,9983,9758,9718,9460,9536,9492,9897,9858,9866,9729,9602,9217,9541,9179,9322,9085,8942,8883,8788,8738,8519,8175,7647,7437,7095,7068,6865,10216,10299,10090,10035,9993,9716,9569,9504,9519,9908,10176,10262,10492,10494,10222,9961,9396,9075,8957,8964,8905,8820,8566,8563,8265,8012,7503,7256,6934,6857,6711,6880,11806,11584,11387,11733,11418,11056,11168,11416,11726,11755,11479,11785,11638,11249,11009,10409,10602,10628,10150,10453,10259,10057,10112,9469,8930,8519,8085,7869,7827,7651,7684,8103,10476,10488,10536,10003,9718,9670,9809,10147,10321,9953,10028,9770,9279,9081,8782,8797,9032,8887,8618,8861,8807,8956,8325,7979,7867,7521,7365,7424,7121,7062,7576,8145,9521,9431,9140,8922,8811,8931,8775,9097,8727,8791,8367,8221,7826,7772,7687,7737,7595,7256,7304,7223,7381,7108,6785,6681,6251,6169,6238,5862,5847,6272,6818,6734,9100,9001,8782,8688,8536,8365,8570,8464,8317,8120,7681,7482,7555,7390,7292,7178,7028,7104,6490,6770,6741,6447,6211,5865,5882,6129,5953,5897,6314,6807,6867,6621
DISTRICT OF COLUMBIA,6159,5596,5250,4792,4648,4575,4816,4825,4513,4690,4793,4668,4976,5579,6030,5869,5515,5281,5584,4608,4850,5332,5332,5457,5435,5524,5596,5593,5691,5669,5803,5595,5270,5024,4703,4598,4452,4627,4560,4391,4520,4521,4896,4459,5245,5563,5834,5606,4945,4777,4539,4175,4713,4742,4980,4978,5211,5161,5026,5145,5165,5434,5303,5322,4971,4655,4603,4412,4617,4559,4248,4439,4394,4584,4912,4941,5412,5576,5626,5144,4261,3766,4331,4557,4802,4875,5052,5244,5394,5333,5404,5493,5562,5930,5987,6303,4567,4557,4430,4525,4425,4202,4328,4307,4452,4540,5182,4826,5196,5189,5158,4605,3662,3371,4408,4083,4376,4625,4749,5031,4935,5000,4976,5172,5119,5342,5710,6085,6085,6501,6522,6203,6116,6275,6050,5858,6181,6334,7099,6508,6141,6285,5656,4871,4012,4207,5289,4387,4913,4951,5159,4923,5003,5068,4947,4958,4852,5390,5665,5884,4725,4607,4417,4171,4448,4245,4313,4516,4431,4390,5028,4391,5333,4804,4585,3963,3584,3606,4113,3786,4473,4554,4896,4904,5403,5382,5452,5221,5801,5927,5650,6193,4259,4144,4078,3839,3827,3740,3708,3851,3684,3723,4113,4047,4118,3816,3616,3532,3119,3183,3550,3187,3549,3694,3700,3920,4145,4290,4108,4298,4518,4951,5391,5706,4104,3800,3867,3421,3326,3317,3190,3407,3301,3444,4002,3367,3177,2820,2971,3008,2815,2785,2897,2572,2961,3042,2972,3203,3303,3433,3415,3481,3778,4346,4806,4230
FLORIDA,215793,217601,206157,201817,197996,197412,202733,200738,198980,195401,199002,195574,200761,184067,199035,197060,197495,192575,188093,182770,177260,175623,175358,170397,166144,160327,153373,144778,137171,124848,120423,114901,219942,209332,206055,201637,200499,204704,204229,202303,198789,201741,199662,204683,193623,208251,205864,205095,202978,197293,189813,183929,181704,179951,174079,169061,163447,155932,148760,139866,130179,126533,119972,118947,210658,208241,204343,202115,207253,205469,204288,200147,202584,199100,204170,195354,210099,209848,209016,206774,202100,194909,186536,183976,181657,176413,171381,165542,157906,150803,144717,136337,133356,127685,127935,130072,211073,208336,206785,210397,206698,204116,200378,201676,198245,200736,193970,207213,208413,209559,205443,201159,194250,185663,181574,179066,173913,169657,163521,155852,149054,142372,135365,133621,127763,127642,128022,126414,219313,218689,224319,221483,219016,215693,218469,214993,219705,217105,233376,240337,245587,250263,253565,249877,248764,238825,223743,214459,203561,193153,182980,172947,164978,154379,152073,148396,145727,144216,142768,145470,216578,220866,217636,213309,206599,206662,203907,205142,199162,207296,213074,212588,212560,202437,191640,184325,172935,170385,177234,171405,168060,161606,154030,147942,140271,138837,135114,134193,131999,130426,135151,136424,212640,210345,204941,198912,197997,194054,195307,186399,192433,189619,194670,189074,185937,179028,165283,158509,150752,145900,138667,135021,133774,128822,126183,119913,119674,117506,117121,114293,112121,114622,117937,114825,202952,197881,192877,189545,183422,183193,174371,178315,172321,167705,169832,162952,157545,149810,144764,137939,130613,119809,116259,112724,108366,105469,99519,100720,100646,100835,100210,94776,96639,99659,97109,89663
GEORGIA,139160,135225,131777,129908,128527,129054,131075,131057,128457,127118,123215,122020,120287,118762,118777,118120,118363,117973,113352,109053,106114,104059,102516,100813,100493,99130,97102,95500,90012,85155,82210,78926,135448,132118,130543,128994,129456,130803,130164,127442,126060,122516,122758,121879,121969,122861,121716,122112,121152,116072,111603,108517,106131,104926,103015,101974,100824,99742,97588,91628,87713,84951,80579,81027,132993,131833,129945,130731,131967,130458,127664,126242,122710,122982,122987,123370,124872,122627,122621,121055,116877,112249,109134,106857,105222,103601,102287,100458,99401,97828,92686,88006,87085,84317,83067,81996,132514,130777,131509,133128,131295,128432,126785,123794,124084,123857,124544,126903,123678,122432,120694,116150,112145,109124,106688,104863,103107,102355,100091,98982,97354,92374,87534,86259,82504,82489,80797,83280,147677,149914,151978,151633,148721,146953,144204,145043,144918,143933,147106,145883,145243,142079,135091,131543,128734,126793,125388,123055,121511,119617,117429,114176,107625,102292,100108,94889,93559,90716,93881,90274,135406,136137,135373,131302,128105,124928,124998,124239,122022,124006,123454,121715,120058,113044,109851,106335,102590,99934,98019,95755,94881,92630,90117,85636,82822,81135,77648,77292,76412,76139,75196,83611,123273,121183,117169,112265,110112,108084,105939,104914,108215,106038,105009,104649,99914,96063,93107,91118,88301,85910,82974,81968,79682,78137,74137,71880,71728,68466,68761,68045,68693,67373,73904,72877,115678,111538,109345,106405,103094,101078,98625,100392,97779,96131,95443,90402,87800,83872,81381,78455,75814,72317,72351,71127,69355,65527,63736,64606,62704,63646,62922,62379,59445,65902,65703,64282
HAWAII,15308,15027,15041,14732,14631,14383,13598,14171,13681,13648,13505,13988,14169,14548,14610,14794,15238,15532,14957,14840,14785,14455,14489,14828,14770,13518,13271,12791,12501,12075,12057,11744,14425,14416,14257,14120,13952,13315,13919,13285,13287,13103,13457,13667,14209,14299,14444,15023,15184,14579,14441,14292,14420,14612,14617,14540,14507,13122,12822,12234,11909,11938,11526,10994,13996,13867,13781,13761,13090,13772,13274,12982,13076,13364,13243,13534,13721,13849,14477,14560,14017,13772,13733,13610,13755,14016,14022,13832,13608,12231,11808,11251,11429,11178,10707,10667,13226,13091,13129,12587,13228,12791,12783,12567,12967,12665,13420,13512,13696,14422,14543,13875,13705,13424,13175,13339,13829,13786,13793,13592,13245,11750,11270,11397,11177,10715,10865,10618,14408,14397,14016,14837,14595,14786,14830,15164,15327,16079,16161,16419,17167,16971,16459,16142,16036,15915,15629,16125,16573,16265,16277,15597,14219,12553,12550,12319,11819,11727,11791,11896,13143,12810,13537,13222,13132,13307,13443,13466,14223,13889,13613,14240,14278,13682,13529,13695,13521,13148,13526,13981,14074,13265,13274,11979,12351,11312,11260,10752,10808,11147,11454,12258,11766,12435,11925,12222,12154,12255,12241,12527,12459,12187,13238,13302,12914,12845,12904,12684,12424,12560,12592,12848,12535,11431,11442,12034,11957,10966,10395,10543,10748,10945,11621,11858,11068,10574,10741,10644,10925,10721,11084,10818,10621,11326,11234,10675,10899,10794,10627,10401,10632,10408,10818,10384,10266,10466,10478,10473,10201,9051,9290,9234,9453,10039,10476,10281
IDAHO,24147,23209,23056,22468,22268,22000,21818,21434,21364,20795,20333,20338,19477,19179,19197,19528,19130,19464,18719,18753,18238,17950,18626,19116,19015,19055,18225,18117,17560,16996,16633,15859,23732,23563,22696,22236,22093,22304,21765,21563,20815,20403,20711,19895,19740,19552,19816,19433,19698,18988,18909,18396,18077,18806,19392,19478,19444,18786,18412,17904,17076,16688,15948,15499,24005,23167,22444,22401,22416,21963,21765,20985,20703,21080,20520,20306,20234,20316,20088,20069,19372,19481,18827,18458,19048,19896,19857,20176,19356,19035,18550,17615,16962,16367,15806,15661,23414,22818,22350,22407,21991,21670,21172,20588,21019,20623,20557,20540,20674,20299,20091,19647,19592,19045,18589,19073,19696,19998,20129,19680,19185,18880,17803,17243,16187,15776,15503,14956,23599,23108,23143,22915,23011,21987,21479,22062,21763,21686,21800,21843,21564,21344,20771,20453,19923,19537,20038,20562,20431,21023,20195,19777,19537,18426,17855,16670,15771,15710,15000,15080,22935,22689,21948,21834,22078,20812,20996,20451,20615,20874,21013,20688,20609,20177,19963,19406,19074,19358,19791,19680,19957,19458,19349,19098,18139,17654,16617,15691,15142,14692,14772,15389,22210,21695,21156,20604,20991,20702,19911,19840,19943,20111,19537,19522,19104,18836,18500,18012,18473,18430,18674,18621,18171,18277,17904,16906,16567,15868,15084,14622,13589,14014,14647,14496,21512,21084,20087,19879,21063,19130,19423,19362,19250,18826,18598,18322,17876,17506,17462,17484,17628,17371,17811,17255,17020,17075,16093,15780,15044,14593,14097,13095,13149,13943,13886,13164
ILLINOIS,151331,149356,149167,151941,151364,151508,153769,154636,152701,153086,153347,154719,158822,160365,158367,159499,161167,160537,155168,149279,145916,146745,142836,138902,132833,134215,136007,139366,133600,127458,127887,122708,149568,149824,152526,152122,152129,154031,155517,153748,154420,155013,156877,160650,162949,161487,163901,165485,163556,158587,153710,151150,159902,157949,138679,133142,134201,136050,139838,134204,128048,127603,122444,122637,149227,151688,150968,150777,153920,155078,153362,154281,154478,155807,160039,162594,160362,162047,162933,160924,157988,151830,148459,148980,148381,146397,133484,134518,136363,140908,135954,129512,129195,124146,124138,123647,151180,150595,150193,153054,154578,152505,153828,154293,155003,159272,161310,159038,160911,162192,160271,156451,151737,149045,149397,148529,145853,141348,132678,135134,138518,134317,127656,128637,122583,121810,121278,123175,159550,160014,163669,166026,165333,165536,165849,169967,176457,178106,178385,180641,179703,178240,174343,169118,165529,165220,164554,161476,156022,157259,149289,148944,143950,138154,139324,132303,132786,130730,133306,141211,155612,158488,159268,158965,159174,160924,163897,169365,170612,168476,167459,166115,165477,159950,155848,151735,150646,150473,145536,140486,142442,145471,139115,135955,131770,133730,127636,127060,126084,128476,135447,144222,150969,151057,148362,148696,152458,151946,155148,150576,146917,146134,149710,150475,147500,142828,139504,138559,137810,132793,126866,129037,130581,132762,122384,119266,120785,117203,115193,114080,114754,121207,131210,133117,150045,148457,147993,147588,144566,146273,145047,146953,146476,147796,144342,143366,138518,132658,136974,135937,131411,124760,126984,127506,129084,123783,107244,109360,106519,106475,104837,105541,110514,120267,123049,119627
INDIANA,80201,78511,76908,78180,76451,78450,81987,80081,78871,78570,78709,79680,78808,78326,79582,79677,80295,79153,77709,75763,72619,72233,73101,73176,74494,75687,75009,75171,72159,70788,69421,66194,79338,77690,78657,76909,78726,82158,80259,79585,79048,78974,80122,79949,79602,80913,81080,81807,80588,79030,76745,73805,73774,74330,74734,75453,76961,76465,76514,73821,71963,70893,68011,68165,78616,79373,77468,79148,82656,80959,79945,79928,79700,81209,81099,80990,82241,82371,83447,81599,79863,77404,74743,75018,75540,76295,77279,78378,78388,78972,76002,74194,73685,70744,72199,70049,80163,78029,79198,82669,80754,79908,79586,79790,80983,80874,80850,82067,82021,82728,81494,79338,76999,73889,74540,74775,75575,76566,78278,77799,78125,75477,73839,73258,70229,71967,70202,71842,80535,82040,85115,83148,82622,82545,81801,84139,84235,84538,84936,86804,88563,87829,85025,82602,78945,79931,81049,82657,82753,83577,83436,83147,81632,80394,79913,76671,76603,74505,77716,79787,80799,83417,80996,80691,80353,80253,82495,81558,80905,81245,81967,82655,81090,78361,76648,73482,73024,73214,73532,73345,75157,75442,76232,73567,72611,71706,69240,69676,67895,71412,75196,78522,83712,80776,80250,77674,77504,78645,77793,77285,77923,77354,78556,76719,73904,71836,68227,68367,67649,67183,68054,69191,69115,69452,67902,67198,67005,63827,65013,63254,66353,69809,74403,73522,80475,77503,74952,74952,75871,74886,74071,74836,72999,72989,71755,69654,67050,63316,63632,64156,62913,63504,64647,64293,64829,62923,62659,62727,60971,62234,60657,62740,65063,69641,69831,66764
IOWA,38071,37284,36297,35689,35606,35142,35116,35336,35006,34802,34421,34329,34270,34716,35539,35861,36729,36975,36147,35106,34921,36450,37204,36540,37530,37425,37897,37408,35598,34172,33828,32379,37618,36738,35935,35801,35371,35469,35509,35080,34939,34707,34557,34576,35380,36141,36701,36581,37548,36576,35819,35429,36680,37604,37117,38036,37744,38164,37818,35885,34654,33747,32340,32778,37138,36351,36331,35681,35666,36058,35470,35416,35127,35107,35152,35971,37040,37521,37919,37693,37666,36704,36307,37529,38136,37890,38833,38459,38861,38664,36755,35361,34743,32966,33383,32174,36491,36538,35965,35827,36238,35694,35498,35263,35239,35324,36040,37031,38145,38097,38428,37281,37115,36458,37966,38374,37631,38801,38715,39039,38548,36892,35449,34930,33143,33186,31815,32088,37728,37155,37111,37398,36944,36752,36726,36984,37359,38048,38992,40126,41059,41196,40486,39434,39818,40660,41394,40741,40806,40892,41385,40593,38637,37151,36745,34768,35041,33373,33296,36316,37111,36921,37233,36608,36349,36240,36333,36540,37494,38116,39306,39556,40151,39580,38451,37958,39126,39929,39159,39652,39679,40277,39680,37874,36483,35708,34019,34067,32489,32229,35296,38047,36238,36522,36077,35765,35460,35538,35590,36435,36971,37779,38199,38774,38501,36940,36794,38027,38443,37592,37829,38275,38235,38093,36861,35400,34893,32991,33332,31688,31472,34204,36907,37707,37055,36567,36387,36091,36258,36254,37069,37704,38685,38050,39114,38448,37611,36434,36834,36728,36469,36892,37124,37166,36808,35650,34565,34078,32588,33057,31648,30928,33795,36157,36965,36222
KANSAS,37715,36894,36240,36396,36536,35546,35992,35898,35336,34652,33467,33537,33624,33899,34358,35288,35437,35992,35393,35357,35387,36134,36596,36115,36525,35666,35589,34443,32405,31119,30824,29293,36808,36066,36086,36184,35907,35962,35816,35372,34978,33601,33792,33915,34093,34525,35440,35691,36336,35663,35757,35873,36449,37046,36534,36981,36672,35860,34859,32901,31526,31087,29580,29015,36210,36120,36127,35848,36412,35963,35455,35244,34161,34160,34295,34408,34762,35752,36025,36757,35844,36091,36205,36876,37338,36890,37317,37116,36913,35199,33390,32068,31805,30402,29932,29193,36269,35948,35694,36140,36457,35447,35291,34220,34596,34366,34572,34810,35772,35915,36602,35972,36120,36085,36759,37189,36832,37164,36782,36757,35902,33288,31943,31743,30189,29543,29038,29040,37510,37185,37356,37489,36955,37060,36197,37010,37450,37354,37569,38439,38340,39293,38684,38906,38621,39170,39683,39290,39397,39108,38484,38007,35955,34006,33772,32051,30791,29962,30098,30940,35904,35989,36133,35813,35699,34486,35081,35639,35672,35662,36316,36464,37011,36302,36652,36838,37083,37229,36769,37153,36399,36064,35290,33574,32721,31844,30294,29629,29065,29328,30489,32346,34718,34923,34459,34291,33204,33499,33699,33676,33596,33803,33859,34712,34128,34349,34404,34761,34645,34300,34333,33696,33464,32702,31064,30338,30761,28404,27996,27258,27741,28887,30448,30163,34437,33784,33667,32731,32989,32810,32478,33180,33522,32267,33149,32471,32870,33593,33819,33829,33221,33085,32344,31955,30922,29244,28491,28811,27644,26706,25889,26089,26918,28783,28792,28218
KENTUCKY,52669,51290,50218,50433,49779,49999,51330,50980,50075,49507,48351,47911,48281,48224,48640,49409,49791,49562,48870,46599,47589,46850,48572,48778,49333,49984,50245,50669,49157,48288,48325,46205,51102,50186,50182,50333,49134,51550,51087,49988,49934,48623,48903,48921,48956,49542,50255,51078,49718,48433,47662,48061,48502,48695,49131,49973,49483,50946,51210,49694,48796,48574,46636,46211,50249,50148,50251,49913,50519,51154,50194,49633,49005,49200,49664,49189,50141,50653,51344,50268,48961,49681,48983,48617,50740,49675,51000,51190,51533,52560,50568,49803,49955,47516,47250,45499,50293,50098,49774,51246,50203,50259,50043,48525,49298,49668,49723,50323,50701,51172,50186,48934,47019,48938,48427,49580,50385,49641,50091,50562,51306,49993,49136,48141,46242,46143,44641,47108,53687,53529,54523,54325,52710,53562,52499,52668,54798,55766,56874,57292,57759,56919,54730,53535,53583,58299,56678,55999,57537,55989,56572,55758,54502,53819,53502,50958,50010,48563,51188,55038,50822,51678,51701,50679,49972,49561,49938,50262,50703,51925,51358,51598,50298,48559,47651,47741,46656,49055,47647,49274,49963,48867,49429,48521,48467,48497,45549,45483,43520,46075,49605,51772,48739,48704,47937,47867,45842,46806,47027,46008,46917,46731,46582,45515,43761,42757,42384,42301,41876,44583,43483,43729,44440,43346,43614,43371,43758,41441,41277,39689,41319,44841,47244,46040,45593,44668,44659,43862,43732,44032,43928,43723,43097,43326,41958,40267,39157,39200,38834,38902,37160,39879,39111,39369,40153,38460,38797,39482,37629,38029,36131,37577,40186,42382,41586,38991
LOUISIANA,55456,53558,53105,53366,50511,51799,51709,52976,49658,49125,45418,50027,47359,50171,53646,54981,54935,50450,56296,56507,57498,59815,61232,60139,59614,59945,60225,60122,60097,61008,61005,58586,53698,53103,53482,52311,53268,53866,55279,51813,51348,48250,52213,51795,48683,56263,58268,57960,55222,58038,57910,58353,60298,61493,60647,62011,60283,60543,60946,63081,58887,60410,58876,58014,52928,52937,52224,53302,53196,54528,51739,51676,49128,52621,52180,51240,51396,58791,59116,56540,58494,58826,58997,60940,61919,61343,62873,63214,61553,62494,61619,59926,60387,61479,60828,60567,52222,51612,52480,52835,54842,52507,52289,49523,52818,51910,51355,50694,53832,60194,60013,60930,61115,61997,55710,56683,55957,57344,57918,57747,56522,55942,54491,53507,52490,54975,54841,56538,56596,58085,59938,60473,56215,55745,54775,57941,56163,56174,55735,58841,53087,59182,58514,57823,57164,53940,63869,64064,65496,68328,68655,68599,66376,62947,62111,59564,59813,60966,61716,63616,51715,51852,51734,49469,48460,46920,48355,46689,45587,44525,46857,45580,43292,48181,48397,48934,48767,52819,52925,53319,54878,54975,55225,54796,51405,51863,50537,49407,49721,52871,55124,55460,47551,47718,45115,44239,42388,43267,42370,41224,40454,41727,41091,40732,39330,43133,43138,43760,45994,46058,46144,46531,46065,47525,47422,45167,44676,43713,43417,42529,43291,46123,46655,47672,45114,42432,41790,40610,41118,40179,39088,38438,38828,38234,37806,38582,36735,40034,41270,42385,41611,41836,42344,41479,41527,41759,40663,40666,39826,38368,37995,37983,39892,41604,42745,42746
MAINE,13727,13424,13553,13527,13371,13427,13885,13858,13888,14185,14244,14268,14454,14961,15499,16123,16186,16636,16695,16971,16553,17421,17397,17154,17018,16752,16595,15869,15890,15389,14812,14425,13513,13630,13517,13368,13469,13778,14038,14034,14239,14309,14394,14591,15165,15549,16510,16412,16756,16917,16946,16727,17437,17512,17280,17112,16663,16483,16016,15946,15603,15060,14596,14968,13852,13724,13452,13541,13842,13978,14317,14413,14349,14524,14839,15324,15725,16700,16878,17098,17223,17269,17003,17500,17651,17481,17206,16867,16537,15977,16086,15809,15309,14923,15330,15330,13796,13500,13544,13805,13975,14127,14584,14358,14438,14886,15334,15782,16692,16850,17321,17131,17347,17035,17493,17438,17218,17124,16771,16571,15844,15969,15679,15154,14917,15281,15204,15789,13814,13823,14168,14260,14365,14684,14695,14836,15259,15980,16100,16000,16088,16766,16891,17029,16689,17134,17036,16635,16623,15849,16007,15503,16630,16282,15916,15726,16282,16255,16651,17829,13846,14045,14072,14156,14540,14421,14686,14996,15324,15918,16839,15559,15926,16056,16105,15632,16155,15842,15565,15335,15088,15010,14636,14674,15317,15084,14828,15238,15264,15736,16647,17766,13946,13838,14005,14168,14055,14248,14655,15001,14750,16290,16242,15260,15310,15321,15125,15214,14813,14465,14237,13951,14012,13562,13773,13434,14239,14041,14293,14283,14558,15462,16541,16394,13930,13868,14028,13777,13964,14462,14887,15315,15246,15423,16322,14829,14683,14402,14538,13998,13410,13341,13022,12996,12820,12851,12670,12534,13446,13882,13861,13817,14552,15662,15567,15182
MARYLAND,69515,67087,65339,64704,63817,63204,61111,61641,60168,60905,61239,62293,63983,65688,66227,67554,68539,67431,66687,65175,63554,62178,61814,61010,60377,59139,57493,54921,51980,49418,48477,44985,67059,65026,64639,64114,63243,61120,61901,60475,61292,61227,61909,63627,65661,66799,69007,69563,68590,67323,65675,64561,62145,61962,61099,60953,60127,58196,56466,53811,51106,50235,46532,46081,65571,65081,64267,63669,61662,62159,60895,61862,61664,62363,63706,65458,67036,69219,70013,69829,68600,66493,64874,63379,62200,61268,60747,60049,58407,56395,54300,51722,51443,47803,48134,47828,65372,64522,63777,61747,62322,60908,61917,61971,62590,63639,65088,66332,68400,69567,68967,67984,66211,64647,62776,62174,60010,59236,58835,57222,55285,52815,50447,49864,46629,46782,46717,47315,71633,71465,69678,71685,69952,71360,71862,72700,74731,75743,76188,78874,79788,81270,78690,74769,73300,71705,70346,68672,66172,65307,64468,63067,60213,56567,55972,52363,52248,52169,53370,57118,67738,65022,65732,64046,64688,64841,65895,67923,68025,67829,68452,68921,70031,68249,66269,65610,63530,62410,60685,59651,57711,56261,54286,51978,50116,49977,46806,46389,46800,47541,51297,56031,60336,60991,59193,59717,59835,60657,61824,62877,62598,62900,62814,64124,62864,61193,59670,58363,57306,55766,54737,53890,51580,49695,47345,45585,46082,42825,42794,42627,43185,46285,50624,51860,60186,58303,58493,58624,59114,59978,60289,60555,61273,60916,61767,60656,58766,57432,55897,54764,52671,50962,50632,49321,46532,44232,42974,43223,40661,40426,40512,40529,43302,47248,48642,47584
MASSACHUSETTS,73012,71399,70766,71175,71179,70826,71355,71402,71052,71696,70724,71279,72727,73337,74842,77110,77570,79767,78058,75873,73697,72121,71606,68837,66902,65965,64107,62465,60514,58819,57445,55965,71892,71121,71709,71442,70948,71588,71483,71404,72201,71009,71586,72921,73520,74901,76945,77845,78815,78971,75902,74131,72208,71768,69122,66869,66295,64155,62480,60813,59398,58162,56480,57152,71705,72454,72110,71235,72050,72012,71950,72667,71399,71959,73102,73792,74567,76829,77872,79520,78147,76731,74783,73148,72275,69867,67176,66447,64679,62981,61354,60284,59624,58134,58673,60234,72860,72576,72176,72190,72116,72048,72758,71588,72093,73170,73318,74381,76223,76831,78635,77903,75218,74527,72545,72101,69388,67029,65724,64097,62412,60702,59263,58818,57364,58141,59272,61328,77572,77287,77525,76671,76415,77458,76690,77787,78771,79315,79576,82320,82861,84628,83759,82071,80394,78201,77733,74668,72256,70811,68623,66707,64643,63334,62699,60803,61890,63606,65364,70205,74170,74452,74199,72959,73464,72264,72220,73101,73298,73214,75397,75421,76688,75478,73967,72404,69692,71430,68577,66456,65793,64182,62856,60669,60303,59632,58451,59154,60360,61174,65339,70855,72950,72595,72176,71266,70170,69928,70685,70557,70460,71514,72302,72674,71327,69441,68214,66548,64105,64622,62424,61200,60116,58643,57029,56226,55953,54908,55551,56639,57155,60265,65354,69623,71684,71002,70997,68038,67429,67856,67460,67716,67973,68329,68757,67618,65635,63852,62389,60916,59453,58322,56440,55369,54354,52569,51911,51618,51309,52425,53464,53484,55945,60588,64221,63817
MICHIGAN,112263,111760,110266,113435,112175,112720,115681,117035,118082,118316,119266,121038,124713,127648,130524,134223,135110,136829,127190,123216,122669,126012,123894,119821,118276,118904,117561,115862,113595,110733,107676,103942,112397,110994,113735,112413,113458,116465,117691,117129,119934,119541,121191,125072,128451,132348,135570,140373,139669,132279,123673,123596,122917,129427,120347,118795,118991,118147,117364,114673,111873,108896,105680,108323,111842,114603,113362,113839,117440,118538,117802,118958,120994,121409,125523,128286,133086,136430,140088,143522,134917,130290,124553,124352,125368,126586,120121,120642,119423,118734,116706,113342,111085,107727,110785,111973,114521,113678,113640,116804,118440,117640,118628,118831,121463,123823,126608,130582,134113,137898,139797,135649,129908,128743,122548,123565,119473,122686,118996,117380,116702,114282,111906,109328,106260,109134,110862,113235,123324,123873,127117,127502,126842,128111,129661,132050,140781,141910,149275,151745,157709,158797,153567,153432,145651,143060,135897,132899,129251,138778,129820,128383,126933,122875,122740,119079,122120,123745,126279,133290,121134,124056,125824,126129,127799,128144,130276,133238,136697,139487,143421,142840,143122,135116,132565,133346,129993,129372,117417,115887,116471,121255,112588,109751,110107,108508,105302,108067,109932,112605,119680,129147,115646,116442,114899,115293,116270,117453,119607,121344,125872,127703,130215,128158,124460,120228,119881,119661,117676,112394,104636,105720,102991,108581,99551,98671,98594,97313,98301,99540,102068,108749,118153,121612,117197,115605,114700,116032,116607,118564,120498,122236,126181,126352,126380,116774,113351,111055,108688,110713,103839,101900,96303,94361,92690,95028,87840,88136,87447,90655,90311,91769,97713,107398,111126,105620
MINNESOTA,67694,65921,64272,64267,62900,61355,61972,61130,60257,59774,59652,59172,59913,60554,62175,62982,63764,65674,64484,64024,63436,65090,65191,63660,63288,63289,61520,59550,56212,53457,51167,48318,66560,65048,65105,63366,61871,62547,61580,60831,60207,60296,59844,60664,61379,62870,63653,64223,66189,65148,64547,64031,65640,66003,64439,63918,63677,62294,60329,57052,54249,51647,49044,48661,66152,66005,64340,62775,63552,62627,62032,61321,61499,60984,61968,62879,64193,65175,65676,67532,66701,66482,64724,67451,67466,66293,65677,65393,64539,62824,59216,56483,54333,51559,51353,49789,66428,64856,63075,63805,62899,62335,61574,61706,61281,62080,63189,64619,65416,66016,67909,66999,66797,66254,67705,67899,66529,65881,65649,64607,63105,59810,56806,54417,51830,51484,49865,49703,67007,65465,66150,65107,64424,63743,64074,63935,65006,66019,67434,68807,69317,70751,69744,69177,69032,70729,71222,69813,68770,68569,67226,65149,62353,59208,56892,54058,53878,51806,51900,54693,65975,66679,65546,64706,63815,64278,63908,65013,65871,67634,68614,69631,71029,69691,68895,68563,70837,71064,69030,68380,68472,66904,64478,61728,59909,57544,54571,54357,52445,52008,54804,59579,66653,65578,64572,63646,64080,63510,64629,65465,66983,68009,68601,70409,68967,67978,67558,69151,69490,67208,66375,68529,64927,62566,59589,57408,56349,53861,53208,51079,50999,53522,58659,59914,70833,70215,69441,69615,69090,70510,71583,73661,74532,74202,74749,73273,72173,71636,72608,72299,68997,67573,67044,63014,63727,60413,57793,55982,54642,53813,52165,51324,53724,58335,59565,57818
MISSISSIPPI,38842,35963,36150,36471,36118,37336,37983,39155,37798,36999,36705,36945,37972,38525,39468,39482,39751,39797,38182,37974,37085,37795,38332,39004,39662,40602,41172,40829,39365,38827,39598,36893,35783,35947,36109,35900,37018,37646,38800,37607,36802,36656,37074,38318,38744,39603,39761,39454,39522,38479,37822,37139,37645,38102,38737,39174,40203,40626,40059,38644,38330,38790,36424,36482,35864,36223,35796,36743,37516,39034,37689,37048,37125,37612,38945,39581,40868,41076,41101,40644,39304,38919,38850,39422,39982,40558,41223,42294,42696,42401,40920,40762,40990,38611,38710,37688,35613,35049,35922,36791,37896,36745,36071,36113,36577,37889,37948,38819,38907,39115,38231,37282,36731,36588,37344,37322,38455,38879,39809,39970,39815,38132,37514,38063,36019,36129,35503,37060,35716,36763,37823,38910,37991,37825,37856,38666,40164,40518,41807,42005,41191,40195,39536,39138,38498,39390,39404,40169,41768,43295,43241,43434,41660,40580,39664,37440,37133,36909,38370,39196,34365,35340,36202,35366,34605,34874,35235,36364,36215,36784,36461,35506,35019,34245,33563,33091,33388,33717,34047,34875,35246,35243,35552,33918,33709,33878,33125,33177,32917,33692,35224,36808,32230,32994,31789,31601,30560,31434,31952,31579,32189,31327,31077,30232,29599,29012,28316,28674,28659,28773,29391,29319,29499,29357,28587,28584,29587,28768,29202,28303,29047,30389,31841,32734,30933,29717,29561,28980,29412,29676,29115,29668,28943,28288,27688,26732,26383,25801,25918,26029,25816,26291,26500,26452,26788,25711,25741,26436,26156,26328,25713,26411,27851,29129,30281,28405
MISSOURI,71042,69159,68220,67763,67344,67269,68154,68709,67901,68105,66550,66620,66971,67344,70059,73113,71816,70594,69386,67984,67873,68666,68889,67020,67607,64833,64467,64754,63099,61446,60078,55743,69214,68141,67681,67247,67026,67959,68500,67913,68577,66974,66675,67527,68182,71141,73628,73170,71587,70128,68862,68541,69558,69670,67847,68357,65691,65353,65811,64024,62268,60775,57612,57275,68224,67834,67466,67151,68077,68605,68122,69153,67309,67518,68161,69241,72483,74516,74188,73302,71290,69747,69354,70216,70541,68917,69368,66705,66654,67106,65388,63566,62348,59236,60007,58691,67733,67278,67126,67879,68401,68057,68413,66944,67430,68030,68636,72023,74436,73619,72806,71670,69677,68717,69850,69965,68190,69195,66493,66025,66371,64546,62351,61455,58052,58880,58423,58861,69398,69279,70583,71213,71149,72240,71813,73080,74943,75220,79020,81671,80473,78748,77175,75685,75156,75148,75791,73989,74706,72326,72575,72584,71288,68595,67214,63605,64372,63567,64700,67105,67397,68496,68675,68341,69057,68242,69041,69794,70126,71882,73264,73311,73142,71794,70278,70055,69519,69939,68523,68955,66849,67072,66804,65084,63148,62289,58356,59145,58526,59698,62280,65771,65697,66214,65616,65979,65303,65737,65879,66855,67577,69092,67715,67341,66316,64402,64387,64602,63408,62166,62280,60881,60854,60665,59378,57447,57243,54019,54138,53352,54550,57377,61232,59943,64283,63744,64475,63388,63718,64151,64475,65990,67254,66266,65443,63755,62632,61838,61626,60920,57727,58103,56213,56165,55673,54488,52939,52654,50195,50534,49503,49925,52420,56218,54936,54738
MONTANA,11721,11764,11120,11104,10848,10822,10780,10535,10674,10538,10410,10625,10607,10836,11102,11721,11684,12152,11973,12128,12417,12968,13200,13113,12902,12937,12572,12209,11626,11621,11507,11168,11804,11186,11175,10884,10898,10842,10566,10713,10635,10566,10697,10710,10963,11204,11839,11753,12200,12070,12192,12444,12867,13164,13153,13194,13112,12895,12289,11543,11563,11452,11060,10994,11239,11227,10974,10942,10876,10624,10842,10725,10734,10841,10858,11152,11238,11977,11944,12369,12087,12431,12607,12984,13196,13307,13407,13329,13285,12693,11977,11830,11464,11143,10930,10780,11207,11044,10967,10807,10635,10895,10773,10729,10911,10890,11180,11387,12050,12011,12409,12218,12389,12517,12975,12994,13035,13183,13342,13229,12834,12124,11815,11514,10936,10769,10588,10677,11556,11336,11144,10908,11228,11256,11326,11569,11563,11890,12134,12845,12778,13200,12915,12972,13004,13359,13532,13655,13753,13957,13921,13309,12737,12252,11842,11370,10827,10585,10620,11249,11245,10802,10622,10828,10726,10676,10841,10733,11072,11326,11970,12008,12320,12039,12252,12454,12757,12861,12877,12816,13094,13013,12569,12148,11935,11533,11057,10627,10296,10267,10773,11887,10667,10081,10300,10255,10272,10373,10249,10584,10741,11144,11287,11617,11369,11494,11667,11868,12083,11974,11985,12266,12140,11826,11635,11286,11114,10645,10181,9930,9806,10294,11295,11297,9931,9819,9756,9825,9912,9784,10208,10316,10563,10670,11057,10870,11095,11173,11258,11433,11307,11371,11571,11611,11301,11018,10897,10681,10325,10019,9597,9609,9985,10958,10906,10681
NEBRASKA,22553,23525,23028,23277,22644,22370,21949,21680,21047,20609,20458,20402,20542,20629,21109,21379,21543,22007,21240,21275,21461,22120,22351,22496,22319,22286,22678,22037,20796,20077,19544,18804,23661,23168,23294,22790,22441,21998,21738,21103,20776,20562,20508,20619,20696,21203,21531,21750,22239,21495,21242,21603,22128,22548,22777,22511,22720,22742,22271,20892,20277,19857,18879,19572,23357,23607,23003,22707,22229,21893,21243,20992,20753,20771,20913,20994,21547,21925,22193,22591,21759,21637,21786,22367,22751,23023,22817,22927,23138,22559,21394,20602,20175,19243,19861,19338,23722,23178,22656,22374,22089,21438,21115,20875,20834,20958,21047,21622,21998,22267,22792,21943,21757,21864,22452,22725,23190,22912,23016,23037,22611,21379,20617,20226,19116,19661,19138,18974,23832,23348,22901,22762,22051,21796,21965,22567,22765,23137,23829,24459,24953,25214,24374,24032,23855,24236,24861,24901,24559,24047,23813,23281,22627,21718,21310,20061,20206,19567,19123,20650,23747,23276,23059,22327,21925,21725,21986,21998,22073,22496,22898,23346,23713,22734,22372,22440,22824,23378,23064,22865,23457,23790,23184,21958,20770,20471,19540,19837,19246,19029,20374,21532,23007,22922,22141,21824,21611,21400,21509,21407,21404,21799,22022,22479,21506,21440,21507,21885,22084,21948,21692,22103,22069,21498,20450,19662,19696,18787,19229,18423,18142,19572,20690,20298,24349,23597,23549,23051,22968,23152,22332,22236,22266,22246,22400,21527,21419,21557,21872,21932,21679,21151,21630,21517,20912,19786,19275,19144,18578,18999,18106,17680,19099,19964,19747,19377
NEVADA,39062,36922,35630,34311,33863,33787,34001,33754,33635,33757,32951,32969,32947,31439,30928,30271,29728,28626,26347,24759,23476,22570,21253,20048,19153,18318,17420,16472,14700,13242,12583,11561,38004,36417,35184,34618,34478,34364,33911,34054,33778,33340,33722,33622,32743,32304,31642,30955,30045,27340,25591,24196,23072,22064,20616,19920,18796,17672,16665,15415,13811,13129,11929,11203,37216,35778,35360,35066,34886,34373,34177,33947,33298,33944,34455,33161,32938,32364,31884,30445,28424,26550,24911,23816,22643,21432,20449,19524,18419,17426,15974,14920,13978,12743,11988,11625,36389,35895,35802,35318,34541,34192,33745,33070,33291,34394,34121,33586,33502,32472,31392,29242,27028,25327,24268,23168,21910,21041,19970,18881,17825,16250,15205,14623,13198,12310,11906,11740,36452,36053,35715,34933,34497,34025,33511,33780,33735,41768,40265,41273,39421,36056,34779,32598,32086,29972,24618,23183,22037,21162,19661,18685,17014,15854,15412,14072,12999,12463,12112,12273,36510,35895,35031,34516,33935,33462,33402,34199,34330,34224,33676,33886,32585,30706,28685,27079,25082,19998,22660,21652,21344,19999,18773,17463,16065,15523,14311,13530,12870,12454,12508,13299,35532,34835,34038,33299,32682,32527,33017,32645,29420,25712,25983,25268,23868,23167,22486,20829,17694,21477,20549,20108,18638,17912,16553,15586,14899,13986,13070,12614,12191,12199,13020,12448,33456,32940,32122,31892,31450,31939,30322,29207,25935,23330,21828,21352,20501,21385,18700,18032,19461,18519,18139,16824,15782,15316,14143,13659,12749,12242,11283,11197,11297,11916,11604,11023
NEW HAMPSHIRE,13694,13747,13633,14018,13962,14253,14237,14602,14682,15013,15203,15287,15646,15950,16045,16769,16756,17552,17214,16886,16802,16367,16480,15678,15614,15238,14724,13855,13232,12625,11946,11201,13801,13771,14064,14007,14265,14284,14607,14795,15082,15174,15318,15770,16096,16200,16889,16971,17422,17460,17130,17139,16480,16626,15805,15732,15383,14874,13951,13299,12705,12390,11540,11458,13895,14186,14103,14371,14378,14705,14850,15191,15345,15452,15806,16295,16358,17017,17166,17667,17314,17240,17249,16765,16785,15955,15798,15473,14997,14189,13567,12974,12653,12144,12169,12556,14223,14167,14319,14423,14690,14784,15164,15407,15517,15783,16218,16431,17038,17237,17703,17421,17111,17209,16793,16848,15967,15738,15487,14926,14118,13537,12881,12610,12058,12131,12584,12405,14992,15316,15341,15619,15766,16321,16641,16832,17108,17244,17532,18280,18269,18584,18286,17788,17646,17578,17520,16566,16336,15999,15420,14564,14039,13477,13541,12680,12838,13230,13206,14547,14567,14473,14770,14891,15131,15243,15537,15994,16277,16260,16922,16914,17478,17233,16715,16583,16156,16160,15297,15149,14955,14321,13597,12969,12499,12371,11773,11881,11898,11969,13120,13982,13779,13989,14049,14441,14340,14641,15179,15290,15399,16016,16000,16698,16364,15871,15879,15337,15175,14492,14317,14061,13354,12875,12387,11965,11925,11399,11516,11334,11097,12219,12955,13165,13435,13502,13947,13856,14140,14600,14911,15019,15588,15419,15959,15492,15001,14847,14445,14280,13309,13024,12734,12148,11656,11158,10996,10919,10635,10752,10483,10408,11131,11878,12226,11641
NEW JERSEY,100606,99427,97570,99037,98388,97328,98000,99344,100675,98998,98311,98524,100496,100892,102102,102012,101724,100726,98921,93982,91352,89405,86889,85007,83173,82543,80584,79402,78222,76102,75882,73334,99986,98545,99398,99038,97952,98744,97384,100245,100866,99460,99028,100378,100910,103802,103266,103459,102400,100562,96113,90971,89004,88336,84950,83410,82715,80979,79653,78340,75446,75836,73335,75123,99191,100625,99545,98426,99801,99624,99004,100225,101248,100152,100981,101481,104281,104603,104426,104556,101679,97236,92672,88587,88214,86283,83920,83350,81942,80062,79196,76512,76397,74258,75804,76814,100919,100200,98128,99751,99950,100052,98968,99630,100749,100894,100884,102827,103587,104437,103603,101559,97127,92089,88757,86032,83985,82728,81997,80901,79459,77779,75556,74839,72607,73684,74848,76245,103655,103145,104051,105194,104627,105857,104553,106281,108577,107770,108724,108572,110035,111479,108480,104310,98784,91799,89234,86450,86192,87093,84649,83256,81629,81465,80717,77549,78241,79268,81639,87477,100781,101373,101343,101987,101728,101466,98853,103267,104572,104922,104930,105161,106271,104337,99843,95529,91065,84586,80654,78892,79314,77752,76042,74858,73124,76142,73572,73713,73767,75851,80864,89290,99613,99872,99212,99027,97390,96504,96668,98237,100966,99293,100600,99725,98833,95891,90048,87262,83286,75715,73096,73985,72813,71916,70493,68708,69108,70377,70104,70029,70827,75390,83009,88333,98845,98490,97602,95666,95646,97048,94059,97358,98733,97515,97078,94685,92175,88378,84539,82008,76271,70455,69647,68618,68008,67460,65647,65662,64402,67353,67395,67716,70438,78033,82653,81896
NEW MEXICO,26248,25692,25532,25351,25275,25573,25786,25615,25406,24544,24365,24131,24183,24679,25258,25310,25755,25515,25511,25446,25887,23933,24407,24033,24676,23989,23481,22799,21494,21208,20548,19541,25343,25409,24986,24954,25284,25490,25270,25329,24473,24191,23801,23823,24708,25239,25428,25702,25423,25172,24997,25458,25713,25474,25300,25831,25403,23445,22919,21390,21035,20638,19626,19652,25304,24973,24897,25207,25543,25135,25223,24656,24377,23932,24271,24943,25356,25657,26043,25425,25403,24912,25148,25760,26003,25763,26434,26102,25856,23102,22007,21487,20770,19980,20290,19835,24828,24901,24957,25272,25062,25177,24436,24469,24126,24366,25063,25563,25987,26211,25857,25630,25012,24870,25322,25716,25525,26017,25893,25443,24899,21690,21197,20487,19768,19939,19595,19651,28522,29185,27768,29222,29729,29217,29325,29179,29715,30191,30031,29895,30026,30134,29840,28861,28816,28944,29307,29414,29843,29906,29164,28547,27115,24285,23314,22366,22253,21872,21818,21820,25597,26105,25313,26301,25491,25711,25734,26451,26763,26530,26961,26787,26075,26387,25622,25863,25843,25476,25601,26245,26201,25242,24981,23885,23706,21756,20858,20661,20374,20136,20032,20551,22814,23143,22611,22590,22363,21755,22014,22553,22448,22169,22736,22118,21986,22163,22067,22011,21907,21905,22054,21885,21956,21061,20195,20114,20180,18037,18271,17938,17684,17765,18435,18563,21573,21423,21106,21147,20133,20559,20671,20594,20150,19940,19594,19329,19119,19518,19505,19002,18658,19102,18941,18724,18080,17073,17078,16925,16767,16027,15923,15454,15751,16915,16946,16794
NEW YORK,203385,200174,196821,197203,198824,196709,198007,201761,190719,191180,192009,197006,202331,208162,210704,214939,216061,217452,213701,208589,203511,200936,200446,196405,196767,194157,190126,185355,180354,176457,174289,169759,199743,197035,196373,198798,197036,198595,201429,199937,192170,191686,195547,199867,205818,211816,214819,218010,219314,214004,210895,204177,201678,200565,197470,197222,195714,191720,187853,183282,178863,176061,172021,171644,197715,197909,198693,198635,199676,202583,200192,202305,194440,196863,203146,208458,213746,219122,221138,222667,217811,213426,206739,204605,203038,200259,199440,197519,194988,191664,188586,184451,184326,180283,180815,180834,198879,200060,197997,200384,203267,200642,201190,203761,198690,201895,205135,210851,216226,218176,219335,215632,210369,203482,202221,200097,197148,196724,194347,191181,188274,184815,180718,178389,171331,172302,171808,174025,218826,217639,221967,227945,223440,225291,226304,235380,238626,235589,242566,250358,257444,262635,257475,251323,245540,245291,252864,247917,245320,241927,235320,227040,225243,218802,214204,205901,203393,202098,207361,220033,212490,211140,215680,214461,213861,215312,218032,227380,234375,224040,229873,233088,233911,227717,224166,220252,219003,217734,212708,212054,215097,206802,205305,202906,200597,197530,192056,188101,187596,191947,203499,227779,195169,196645,193193,194700,192944,193257,196644,197541,196709,194312,194223,195277,186182,183622,175475,172344,172609,167953,165159,166183,168983,173915,178043,172751,175038,168686,166438,167323,168969,187652,201482,200730,194079,193375,189562,190387,190081,192112,190732,191528,188377,185896,185680,179030,173867,166975,163362,158474,153505,151043,150444,148315,146818,146738,142841,144139,143055,142822,141546,142514,148836,161593,172904,171545
NORTH CAROLINA,122997,119305,116032,108293,116515,116351,118534,117170,115079,112746,113775,106929,106210,106846,105026,107229,106651,105402,103195,99282,96086,93888,90445,87139,85721,85231,84132,83397,81692,79940,80164,76379,119927,116637,109215,116702,116654,118514,117223,115186,112838,111120,112190,108435,110275,108064,109682,108525,107997,106091,101621,98276,95917,94929,88925,87733,88232,86812,84845,83070,81457,81812,77844,80185,117127,109554,117741,117181,119049,117535,115038,113310,111155,109598,113240,111332,110074,111067,109997,108810,106669,103062,99477,96840,96266,93141,89747,88336,86428,85933,84743,83036,83328,80085,83391,84775,110297,118048,117902,119636,117965,115147,113238,111112,109864,111050,114543,110965,111894,109979,108717,106126,102126,99295,96542,95522,93033,91793,88056,86344,86093,84291,81895,82523,79280,82586,83024,85446,129965,130064,133777,131924,126737,126694,125149,126090,128454,131515,128987,128905,128333,126414,122508,117724,114236,112416,111493,108749,106559,105771,100505,97534,94369,91379,90900,87422,89470,89256,91845,95311,120884,123258,120659,118224,114718,113605,111972,111889,111955,111292,105322,108148,108210,103929,100658,96462,94231,91446,88455,86952,87549,85120,82512,81618,79553,80765,77775,79885,80674,83514,87173,93087,114820,112763,109180,107558,103355,103428,102663,102676,100204,98188,96966,95805,94508,90414,87106,84351,81329,77475,75694,74806,72987,71471,69100,67828,70282,67936,70089,70712,72581,75722,81024,79460,105208,102028,99258,97257,96453,94648,94017,91541,88983,88724,85893,84556,82267,79257,75918,73450,69602,66831,65558,63476,62552,61593,59653,62324,60856,63427,64061,65720,68194,73595,72339,68939
NORTH DAKOTA,8746,8458,7993,7961,7536,7292,7029,6676,6905,6965,6985,7005,7077,7321,7603,7784,7911,8104,8343,8529,8697,9170,9201,9292,9583,9638,9580,9225,9040,9020,9023,8666,8575,8132,8104,7818,7471,7339,6887,7141,7092,7077,7040,7130,7300,7726,7829,7899,7990,8210,8523,8474,9099,9352,9270,9526,9671,9539,9203,8917,8883,8890,8542,8478,8307,8204,7962,7674,7598,7256,7326,7372,7250,7223,7295,7467,7881,8029,8098,8201,8385,8623,8689,9044,9585,9699,9770,9862,9729,9433,9128,9014,9070,8741,8684,8662,8243,7938,7735,7652,7352,7500,7436,7298,7308,7364,7472,7874,7993,8127,8245,8374,8514,8651,9137,9321,9555,9943,9859,9694,9329,9102,8929,8898,8504,8469,8470,8739,8199,8015,7994,7724,7813,7801,7483,7591,7588,7687,8071,8283,8484,8547,8952,9091,8906,9314,9677,9696,10053,10230,9927,9564,9230,9017,9006,8581,8524,8505,8735,8733,7760,7793,7689,7739,7749,7536,7551,7701,7701,7856,8014,8199,8261,8515,8659,8705,9040,9374,9395,9664,9935,9785,9377,9091,8971,8908,8434,8338,8185,8470,8559,8879,7561,7273,7533,7487,7469,7432,7376,7415,7571,7622,7820,7975,8011,8186,8439,8675,8986,9020,9405,9559,9439,9251,8950,8796,8733,8226,8174,8003,8155,8219,8627,8957,7369,7376,7459,7471,7389,7347,7348,7581,7637,7608,7662,7818,7889,8143,8313,8665,8661,9072,9306,9082,8815,8686,8513,8418,8066,8014,7821,7960,8032,8433,8704,8204
OHIO,130839,128995,125870,129189,129598,130392,133152,134109,132768,133167,131403,132234,135078,137372,141935,141515,144015,143398,140478,138250,137722,139087,140465,138552,138011,140200,141271,140892,136220,130433,129788,125599,129831,126726,129497,129614,130755,133468,134459,133615,133678,132327,132961,136315,138555,142538,143406,145817,145029,142996,140117,139297,140447,141386,137737,141349,140855,141273,140710,136945,131228,130444,126543,128725,128323,130737,130900,132198,134269,135174,134468,135005,133551,134567,137821,140579,144784,145714,148551,147899,145388,142969,141628,142823,143870,140015,141979,146443,145856,145143,140577,135348,134921,130831,133476,132161,130481,131039,131692,134275,135042,133955,134219,133210,134169,137479,139939,144312,144869,147161,147064,144024,141218,139740,140706,141749,138635,140248,142469,142132,141534,137075,131604,132213,128296,131165,130062,133448,141280,142344,144674,147206,147490,148752,148538,152198,156711,160269,164768,164806,165999,165656,160873,157868,155727,156710,156492,152978,156861,160489,159777,151879,151241,146420,146702,143585,145557,144343,148565,154659,133705,136286,136058,136380,134963,133301,135373,138532,139964,143494,145347,147424,145999,143496,144353,138899,139530,139229,134736,137621,140663,140557,138771,132103,131594,131168,126485,129741,129411,134124,142339,153511,120359,119688,120911,120390,118551,118941,121027,121707,123404,139384,141330,140099,135918,136413,134007,132666,131413,125760,127991,129869,130271,127743,125275,122753,122355,117657,119757,121578,125018,133497,145422,144266,121801,121467,119952,115962,114607,117623,117866,118946,118872,134522,134417,131200,130436,127379,127993,125057,117683,119704,120885,120670,120070,117161,114879,112266,111932,116085,113420,118605,125507,137196,137127,132962
OKLAHOMA,52257,50213,47601,49481,49276,48675,48456,48490,47633,47132,45447,44658,44786,45177,45738,47403,47347,47164,46853,46236,46425,47647,48073,48221,49154,48760,47091,45632,44052,42540,42910,41764,50368,47729,49466,49260,48587,48486,48469,47809,47472,45665,45010,45179,45611,46058,47522,47535,47558,46769,46296,46702,47820,48635,48683,49524,49281,47715,46283,44160,43374,42803,41240,40479,47950,49389,49410,48808,48751,48640,47869,47418,45886,45075,45218,46022,46408,47939,47511,47800,47198,46455,46737,47840,48639,48856,49709,49377,47724,46537,44792,43622,43304,41397,39999,42881,49462,49235,48858,48487,48583,47856,47321,45737,45268,45149,45831,46050,47812,47270,47258,46805,45745,46276,46999,47933,48030,49065,49012,47149,46153,44163,43176,42319,40762,39041,41652,42731,52268,51259,51018,50909,50284,49577,48154,48131,48847,48896,49091,51070,50065,50035,49529,48886,49034,49667,50270,50328,51060,51709,49992,48838,46597,45278,44238,41890,40261,42824,43738,45930,49055,48995,48890,48145,47179,45628,45332,45564,45882,45894,47340,46155,46551,45741,45189,45185,45877,45912,46441,47393,47758,45970,45289,43273,42337,42189,40096,38273,40670,41321,43659,46210,46439,46119,45122,44387,42850,42200,42450,42620,42591,43091,42648,42614,42054,41485,41333,41842,41575,41721,42652,43152,41543,40757,38997,38583,38833,37011,35492,37855,38312,40412,43056,42597,43534,42672,42088,40729,39498,39407,39447,39634,40046,38798,39321,38453,38013,37938,38601,38443,38638,39409,40024,38769,37568,36113,35733,35899,34744,33346,35684,35671,37728,40073,40552,38606
OREGON,46542,45125,43427,43173,42752,42235,42885,43144,43181,43186,42282,42430,41945,41156,41681,43338,44020,43762,43036,41966,41663,42301,42083,41623,41885,41430,39438,37581,37581,35958,35419,33595,45378,43818,43782,43034,42449,42916,43193,43280,43425,42597,42989,42477,41917,42227,43168,44494,44784,43569,42023,41828,42548,42643,41735,42276,41932,40254,38876,36821,36821,35899,34120,33724,44151,44174,43495,42714,43202,43297,43428,43528,42839,43156,43121,42514,42762,43751,44384,44903,43986,42676,42041,42598,42917,42215,42449,41973,40605,39512,39230,36694,36694,35017,34310,33152,44375,43950,43067,43521,43522,43578,43653,42834,43261,43339,43018,43312,44046,44802,44711,44156,42988,42364,42721,42825,42466,42862,42141,40473,39500,39610,37872,35253,35253,34398,33160,33088,44819,44230,44663,44384,44396,44662,43968,44540,44788,44640,45179,46162,46257,46700,46213,45504,45067,45541,45619,45260,45211,44713,42438,41301,41129,39891,38787,36213,36213,34447,34338,35552,44257,44893,44521,44375,44491,43751,44249,44289,44090,44681,45820,46509,44839,45148,43984,43838,44268,43602,43201,42838,42477,40751,39326,39088,38344,37891,36113,33874,33874,33336,34569,36757,44003,43927,43679,43432,42633,43103,42783,43078,43422,44531,45161,45179,41675,42290,41476,42220,41403,39984,40083,39095,37452,36762,36420,35667,35518,34300,33305,31186,31186,32481,34530,35364,47245,47459,48735,47566,47075,46723,45898,46212,46088,46120,45559,43833,39414,41125,40702,39799,38379,37055,36827,35079,34419,34794,33202,33356,32828,31920,30226,30018,30018,32320,33495,32009
PENNSYLVANIA,134805,132238,129637,132293,131917,130592,133069,134499,132528,130224,130792,132933,135241,138064,140412,141733,144619,144247,139925,138971,137087,138106,135565,131944,131962,130848,126614,123365,119499,115468,112801,108589,133628,131299,132022,132331,131345,134359,135198,134782,132538,131401,134406,137238,140760,143275,145421,147170,147884,144127,140916,138900,139804,136933,133770,134201,132960,130597,127185,123240,118997,115634,110500,111931,133276,134541,132565,132687,135962,137172,136390,135869,134436,136000,140097,143683,146888,149056,151157,150831,147957,146032,141885,142621,139877,136632,137376,136184,134423,131538,127014,123291,120714,117340,118333,119215,134845,133577,131505,135683,137287,136775,135598,135876,137072,139173,143406,146393,148957,151250,150652,147829,146138,143638,141714,138766,135882,136746,136069,132994,130209,126293,121836,119563,115963,117664,118544,121509,141407,139907,141412,144763,144721,144396,144339,150150,151739,153341,158874,164999,164602,163848,162097,160814,159919,157559,153464,149158,151930,152058,150460,147352,143719,138987,134714,129283,128736,127405,133426,139761,136286,138338,137812,139420,140209,140180,144453,148716,149834,149052,153174,169575,156679,153315,150643,147884,147555,142177,137769,139026,139180,136714,134653,131606,127919,125173,120084,120110,120857,124842,133449,142565,133081,133335,131401,133521,133554,136531,138146,141866,141898,140191,143749,161002,143798,140618,138685,136318,133282,128868,128787,128366,126527,124788,121885,119008,117500,113950,113642,113014,115499,123717,131877,137798,133091,132246,129921,131694,135583,136357,138265,141710,140845,136937,139930,153112,135778,132551,131199,126894,122942,122048,121152,118850,117432,114183,111050,109673,107244,108244,107758,108592,115400,124572,130812,126701
RHODE ISLAND,11119,10933,10792,10986,10751,10820,10841,10195,9803,10972,10869,11324,11555,12273,12362,12686,12809,12551,12309,12003,11814,11518,11439,11504,11208,11086,10872,10489,9986,9503,9417,9018,10913,10788,11005,10787,10865,10900,10222,9889,11083,10927,11207,11594,12212,12365,12720,13121,13172,12557,12108,11831,11595,11472,11586,11114,11100,10952,10600,10132,9679,9467,9022,8996,10853,11087,10859,10872,10864,10299,9930,11150,10993,11281,11564,12281,12342,12782,13099,13286,12945,12394,12094,11777,11735,11758,11515,11324,11136,10819,10531,10125,9958,9449,9633,9801,11052,10839,10945,10899,10293,9971,11146,10954,11275,11422,12098,12194,12470,12783,13018,12805,12458,11750,11592,11372,11272,11104,11032,10747,10650,10204,10053,9894,9388,9375,9543,9865,11580,11826,11677,11023,10912,12014,12277,12888,13137,13614,13709,13935,14193,14591,14188,13863,13538,12819,12548,12504,12362,12191,11922,11534,11060,10774,10774,10154,10123,10228,10712,11291,11470,11199,10595,10312,11304,11330,11492,11814,12245,12203,12492,12964,13007,12763,12676,12244,11631,11272,11099,10864,10971,10609,10530,10318,10111,10102,9868,9661,9704,9496,10311,11050,10867,10210,9847,10979,10651,10819,10868,10891,10855,10833,11421,11885,11765,11571,11345,10698,10587,10341,9966,10018,9407,9453,9113,9124,9205,8811,8742,8830,8709,9001,9993,10451,10295,10044,10752,10578,10403,10509,10558,10466,10697,10709,10848,10832,10587,10533,9957,9856,9507,9184,9138,8727,8633,8428,8263,8440,8094,8244,8277,8167,8346,8954,9558,9396
SOUTH CAROLINA,61389,58277,56268,55214,54512,54541,55713,55887,54346,53257,51805,51095,51756,53043,54801,55378,54386,51092,53859,52675,51195,51214,51338,50585,50992,52262,52094,51210,49505,47704,47544,45115,59112,57346,55958,55429,55267,56493,56312,54788,53869,52706,52196,52775,53477,55703,56563,56901,51608,56124,53544,52690,52427,52384,51322,51743,52875,52631,52301,50983,48787,48577,45984,46254,57857,56736,56000,55949,57070,56807,55250,54280,53300,52807,53751,54421,55524,57408,57460,53813,55907,54922,52908,53284,52984,52194,52214,53152,53043,53059,51424,49576,49293,46989,47749,48907,57033,56176,56150,57025,56762,55365,54243,52904,52711,53446,54067,55222,55701,56641,53384,56201,53043,53259,51601,51700,50775,50625,51308,50799,50591,49562,47352,47852,45691,46720,47407,48861,63516,64797,65293,64673,63304,61897,60710,62161,62997,64674,66363,66824,66201,65564,69415,67563,64279,63776,62883,63683,62018,61962,60808,60058,58795,55755,55650,53237,52848,52835,54003,55488,57755,57792,57691,56465,55463,54033,54075,54685,55250,55294,55462,54981,51277,53159,51238,49445,49037,48628,47592,46768,48576,48314,48165,46796,45611,45819,43947,43969,44378,45669,47599,50193,52722,52476,50887,49966,48444,47963,48328,48708,48408,47354,46467,43355,45709,42013,39529,39439,40324,37870,36109,39654,39422,39304,38508,37645,38390,36970,37196,37480,38618,40096,43138,42133,50100,48257,46909,45619,44624,44755,44684,44703,44364,43189,39459,41588,40327,38736,38273,37515,35835,33911,36471,36637,36576,35546,34800,35376,33949,34615,34638,35393,36621,39348,38596,36064
SOUTH DAKOTA,10921,10574,10362,9913,9621,9458,9207,9321,9172,9142,9009,8915,8912,9166,9430,9687,9598,9894,9938,9815,10735,10905,11234,11138,11084,10926,10727,10692,10028,9496,9524,9209,10677,10503,10024,9753,9499,9377,9437,9331,9117,9326,9059,9032,9327,9506,9825,9760,10028,9999,9934,10250,11076,11235,11143,11226,11485,10919,10713,10132,9633,9486,9262,8931,10516,10115,9750,9542,9384,9550,9367,9212,9219,9352,9105,9332,9598,9774,9756,10188,10049,10084,10338,10718,11415,11430,11583,11800,11604,11000,10433,9992,9806,9470,9249,8646,10104,9728,9549,9441,9531,9408,9139,9275,9251,9446,9248,9510,9576,9715,10082,10051,9997,10303,10618,10841,11370,11377,11654,11604,11427,10498,9762,9530,9275,9000,8573,8518,10600,10326,10088,10271,10062,10018,10209,10307,10286,10580,10457,10371,10314,10377,10375,10479,10629,11043,11247,11302,12352,12497,12176,12077,11276,9856,9651,9240,8921,8517,8461,8929,9649,9584,9625,9735,9385,9548,9740,9779,9767,10357,9977,9799,10046,9924,9996,10326,10562,10389,10649,10515,11431,11313,11388,10794,10264,9324,9045,8676,8313,8251,8789,9402,8913,8972,8913,8621,8707,8885,8876,9043,9174,9184,8847,9056,9166,9217,9585,10025,9834,9932,9811,10208,10578,10521,10090,9560,9495,8887,8339,7989,7884,8548,8987,9069,8783,8708,8616,8674,8485,8816,8662,9063,8741,8831,8901,8795,8956,9389,9566,9768,9454,9354,9693,9521,9939,9552,9116,8925,8936,8259,7692,7758,8248,8685,8829,8346
TENNESSEE,78681,77105,75058,74215,74124,74311,76079,75057,74810,73438,70419,71083,70869,70671,71876,72318,73739,73286,69509,68746,67462,68002,67859,65872,65662,66092,65237,63404,63037,61447,61386,58334,76941,74948,73959,73814,73970,75116,75908,74615,73420,71538,69312,72146,71302,72279,73218,73665,73413,71180,67708,67336,66654,68216,66227,66194,66547,65554,63714,63180,61773,61703,58730,59261,75058,74290,73805,74118,75070,75272,75373,73363,72199,71393,71337,72474,72845,74131,74812,73421,72738,69159,68408,68684,67096,68098,68309,68508,67705,66927,65961,64137,64114,61699,62973,63860,74150,73711,73899,74883,74909,74459,73725,71475,71050,72255,70745,72892,72949,73233,72505,70650,68184,66429,66243,66468,64518,66465,66513,65598,64124,63358,61623,61382,58576,60330,61192,62213,75784,76802,77989,78351,77917,76794,76970,76010,77576,78675,78874,82343,81397,80890,79195,76063,74322,73141,74699,72169,73477,75906,74398,72593,71363,69086,68300,64514,65551,65659,66160,67900,74234,75428,75317,74242,72827,71810,73216,73509,73927,74858,74197,75767,73595,71894,68430,65905,66409,64349,65873,63426,63496,65631,64144,63757,62534,62147,58652,59724,59694,60465,62961,65455,72053,72453,69950,68843,67290,67068,69121,68755,68012,68562,67397,68383,65411,61937,59665,59030,58383,54746,58077,55837,53805,55679,55308,55070,54977,52558,53117,53196,53443,55784,59011,57728,69498,68852,68585,66972,65854,66299,67637,67441,66366,65306,62040,59904,56949,55490,54115,53273,51278,48802,53160,49440,48881,50332,49319,49401,47668,49639,49011,49050,50851,53700,53219,49945
TEXAS,414412,400196,394152,388335,382945,376426,377729,372509,361413,352401,345784,337189,337096,323631,324047,322146,317320,311638,303098,299362,296071,294703,293834,286219,284342,280989,276444,269767,256649,246934,242202,236437,402634,398196,390566,383705,376623,380202,372846,361700,352562,345713,336619,334497,323997,328689,327094,323066,317578,308392,303447,300246,297957,298077,288502,288987,285414,282089,275909,261986,250740,246410,237689,240049,402512,396167,389561,383054,385527,377246,366149,357395,351426,343022,340473,331565,338876,332980,329579,325154,316287,310696,306282,303921,303310,296668,292190,290713,286548,279942,266704,255540,251852,243086,244307,246668,398662,392421,386627,388428,379786,366857,360279,354314,346524,343548,332671,338449,335824,329214,324381,316800,310762,304419,300830,299760,292648,290666,284875,281109,274208,261053,251107,246418,238057,237387,234498,236791,433521,432402,429386,420608,408892,403136,394326,391554,393182,389217,399047,399056,394739,386182,377912,375136,366895,360704,359368,350743,347951,343867,335819,323162,308461,294147,285063,273922,270446,264600,264328,269256,397573,395697,386870,373582,362937,350949,347268,344241,335262,332620,332573,327151,323524,311905,309851,300338,293235,287355,275265,273161,270516,264238,255132,243914,234566,233825,227350,224440,223419,223162,228118,235943,372052,364110,352488,342212,330538,328003,323387,314911,310288,303492,294661,290296,281641,275238,267914,265802,260674,248570,243627,240751,234021,225778,213714,205735,205293,199245,199643,195180,198441,202104,210751,199583,345243,332969,323708,314039,309069,305425,298637,298400,291130,280308,273867,263224,257151,247655,243490,238882,226429,219943,217670,212503,206928,195075,186229,183737,178889,180206,177332,178390,192963,201762,182734,187279
UTAH,53368,51404,49546,49161,48483,46991,46198,45822,44706,43323,42943,39388,37726,36921,35566,36441,35994,35934,35134,35304,34308,34890,34976,35668,36281,37547,36749,37236,36014,32918,34640,33273,51951,50232,49581,48572,47161,46540,45951,44797,43534,41689,41765,39084,36298,36672,36526,36113,36113,35190,35472,34356,35098,35307,35877,36499,37837,37041,37367,36267,32787,34446,32967,30504,50841,50264,49132,47496,46821,46246,45097,43942,42068,40735,41829,38025,37025,37819,36457,36395,35538,35520,34493,35151,35634,36225,36693,38163,37528,37849,36667,33060,34452,32833,30331,29519,50627,49498,47904,46969,46409,45387,43971,42227,40997,40261,41114,37743,38463,37674,36386,35547,35786,34579,35170,35559,36365,36860,38090,37519,38031,36813,33114,34551,32563,29977,29148,28311,50184,48596,47672,46765,45902,44379,42540,41419,40782,39511,41355,39106,38628,38069,36028,36050,35029,35538,35961,36598,37254,38742,37941,38356,37270,33524,34977,32933,30002,28995,28117,26935,48968,47912,47215,45940,44431,42760,41498,40964,39775,38991,42535,38795,38319,37406,36479,35399,36118,36489,36990,37415,38787,38071,38485,37318,33749,35107,33174,30365,29213,28023,26792,27698,47499,46803,45588,44042,42469,41164,40565,39446,38691,38989,41721,37788,36916,37016,35004,35600,35923,36210,36905,38138,37286,37623,36487,32978,34524,32676,29852,28697,27251,25965,26684,26402,46516,45277,43828,42163,41327,40774,39693,38744,38995,37818,40375,36425,36923,35671,34629,34790,34951,35484,36594,35706,35900,34795,32006,33337,31692,28775,27575,26263,24971,25911,25076,23782
VERMONT,6265,6034,6191,6107,6108,6190,6304,6294,6465,6532,6571,6559,6827,7068,7239,7518,7799,7995,8168,7970,8116,8319,8327,8430,8318,7993,7776,7696,7276,6990,6846,6610,6040,6201,6088,6101,6163,6291,6283,6484,6551,6656,6581,6826,7075,7254,7579,7779,8059,8125,8035,8124,8237,8331,8553,8349,7988,7769,7537,7305,7086,6937,6692,6682,6240,6160,6115,6186,6296,6373,6552,6628,6611,6740,6819,7065,7166,7474,7820,8093,8146,7915,8040,8190,8290,8481,8352,8063,7814,7502,7313,7085,7026,6755,6781,6711,6131,6117,6173,6268,6332,6541,6646,6757,6647,7004,7039,7186,7559,7846,8098,8077,7972,8005,8177,8200,8375,8374,8006,7826,7496,7227,7029,6842,6746,6792,6686,6783,6447,6561,6650,6655,7137,7004,7017,7139,7379,7754,7683,8168,8327,8533,8422,8486,8595,8595,8748,9016,8827,8486,8125,7993,7515,6528,6568,6398,6357,6350,6439,6685,6430,6517,6503,6723,6828,6980,6869,7287,7419,7574,7887,7944,8142,8237,8218,8169,8137,7998,8356,8189,7908,7697,7465,7311,6962,6217,6032,5968,5962,5970,6314,6818,6192,6308,6578,6543,6723,6817,6946,7329,7139,7783,7658,7948,7888,7873,7837,7754,7633,7799,7795,7494,7270,7130,6909,6669,6673,5781,5715,5612,5618,5915,6473,6692,5907,6187,6271,6417,6545,6756,6930,7114,7328,7520,7714,7599,7499,7552,7614,7398,7422,7232,7014,6823,6831,6622,6507,6458,6227,5573,5529,5424,5719,6199,6380,6158
VIRGINIA,99548,97165,95387,95645,93994,93941,94316,94182,91852,90884,88811,89309,90365,91363,91882,92453,92693,92300,87933,83074,82557,82768,83955,81212,79683,79538,77490,75806,73618,70604,69674,66259,97617,95956,96016,94286,94524,94874,94863,92762,92014,89889,90691,91791,93056,94345,95158,95414,94724,91743,86303,84594,84696,85407,82996,81313,80889,79450,78269,75177,72128,71354,67629,67255,96633,96410,94579,94917,95076,95147,93366,92557,91006,91449,92445,93584,95370,96174,96661,95807,92725,88338,85872,84975,85913,82668,81619,81795,80496,79342,76712,73981,73027,69896,70161,71161,96881,95234,95221,95558,95778,93787,93361,91877,92075,92881,93896,95083,95716,96540,95586,92641,88184,87455,85092,85348,82753,80842,81254,79929,78443,76775,74406,73403,70040,70402,71870,73489,103925,104051,104133,105400,102293,101867,100701,102407,104717,106252,108115,108680,110021,109375,107033,101866,100599,98371,95017,90241,88374,88721,86779,84447,80277,77033,80993,77527,76727,77510,79449,82294,99531,99936,99977,97518,96496,94931,95596,96918,97969,97466,96869,98259,96546,94410,90009,88872,86814,86395,80490,79387,78960,77806,76045,73958,71469,72824,69298,68860,69479,71117,73855,78806,94858,94843,92280,91424,89754,90206,91037,91403,90795,89892,90016,88915,86837,83302,81313,79038,78877,74045,71917,71212,69767,68649,66764,65077,65949,63260,63243,62503,63233,66522,71400,72570,93121,90500,90391,88256,88709,88971,89324,89266,87839,87177,85413,82901,78913,77965,76477,75944,70607,70337,69333,67787,66430,64497,62204,62899,60314,60854,61566,61328,63501,68064,69422,68104
WASHINGTON,86667,83639,80643,79697,78538,77331,78848,79062,78158,77688,76540,75138,76272,75661,77856,79112,79397,79830,77928,75902,75660,75883,75599,74861,74884,73786,70854,67705,63750,59602,58016,53611,83947,81483,80274,78875,77603,78966,79109,78531,77666,77184,75939,76735,76682,78244,80054,79970,80858,78729,76893,76162,76684,76591,75313,75442,74094,71802,69199,65388,60943,59064,54536,53757,82040,81390,79826,78386,79400,79371,78911,78489,77618,77024,77761,77412,79564,80567,81000,81722,79677,77431,76932,78001,77795,76508,75875,75308,73106,70589,66904,62628,60872,56146,55396,54323,81798,81039,79483,80391,79953,79272,78891,78448,77206,78902,78219,80022,81440,80918,82274,79857,77933,77160,77543,77340,76664,76033,75052,72982,70666,67285,63150,61623,56617,55717,54358,54187,83131,81927,83094,83171,82991,82972,83237,84449,85551,87546,89008,90280,90091,89802,88869,87735,86396,87322,86602,85131,83616,81336,78514,75684,72322,69018,67184,61562,59880,58313,58149,59514,82138,83512,82905,81915,81205,80696,80316,81990,81220,83254,84942,84361,84945,83187,82120,80815,81650,80453,80493,79208,78155,75648,73402,69532,65967,64677,60170,58866,56922,56037,58120,63047,83214,83265,81551,81026,79162,78485,79627,79465,79585,81508,80461,80115,80962,77490,76774,76703,75361,74048,73383,71982,70242,67840,65035,61841,61392,57051,56154,54828,53772,55547,60073,60844,91892,90645,89258,87206,84710,84981,84089,83712,83604,79916,78429,77160,76505,74121,74338,72354,69536,68580,68486,65782,64731,62235,59612,58150,55847,53986,53038,51856,53840,57921,58477,56690
WEST VIRGINIA,20218,19608,20043,20356,20164,20698,20491,20842,20347,20447,20056,20132,20747,20864,21164,21656,22094,21936,21729,21402,21926,22224,22478,22651,23623,24221,24335,24914,23823,25013,25707,25105,19539,19936,20320,20216,20543,20623,21085,20595,20793,20405,20369,21132,21183,21499,22066,22567,22241,22055,21558,22082,22509,22709,22825,23904,24649,24617,24927,24035,24987,25434,24767,25537,19780,20208,20070,20611,20402,21052,20637,20919,20499,20594,21262,21453,21756,22418,22885,22615,22252,22007,22459,22997,23200,23478,24521,25517,25657,26276,25574,26867,27334,26014,26998,27963,19958,19931,20426,20501,20634,20521,20778,20455,20516,21268,21330,21541,22147,22582,22255,21943,21650,21902,22409,22623,23002,24150,25089,25200,25677,24791,25740,26175,25292,25547,26164,27392,21317,22065,22154,22589,22257,22741,22569,22785,23702,23730,23954,24331,24694,24199,23723,23051,23328,23723,23876,24061,25119,25994,26261,26766,26196,26714,26694,25500,25953,26038,27171,28278,20164,20289,20712,20598,20688,20397,20479,21037,20696,20966,21170,21654,21400,21071,20659,21181,21392,21849,22049,23446,24521,24561,24769,24415,25214,25196,24204,24630,24402,25045,26230,27311,18547,18933,18844,19117,18713,18832,19259,19155,19263,19642,20241,19873,19561,18985,19439,19633,19801,19684,21142,22562,22607,22787,22052,23031,23347,22487,22948,22914,23212,24015,25193,24499,18277,18155,18432,18239,18299,18703,18498,18430,18688,18914,18625,18508,18022,18319,18554,18416,18336,19716,20982,21344,21765,21215,21844,22058,21507,21844,21611,22045,22831,23488,23296,22845
WISCONSIN,62743,61207,60924,61459,60768,60253,60958,61420,60413,60233,59581,60261,60304,61493,62970,64213,65101,65570,64943,63971,65120,65943,66577,64380,64435,62708,61989,60509,57355,54375,53006,48842,61551,61265,61677,60844,60505,61369,61818,61053,60656,60246,60827,61257,62737,62557,65762,66925,67208,66163,64967,65788,66745,67317,65289,65362,64374,63723,61661,58543,55420,53887,49624,50419,61583,62172,61048,60800,61814,62310,61442,61264,60814,61600,62030,63938,65153,66095,68192,68631,67398,66367,67103,68001,68580,66527,66723,65844,65495,64600,60456,57860,56152,51847,52862,51592,62359,61432,61084,62034,62721,61857,61413,61337,61748,62317,64135,65606,66985,67168,68663,67751,66558,67950,67878,68481,66601,66488,65788,65790,64669,60783,57757,56244,51757,52890,51784,52335,65980,65868,67070,68072,67985,67699,67542,68383,69323,71676,73746,75282,76674,76173,77798,77508,77802,78140,78961,76660,75862,75097,74700,73063,69407,65491,63354,59058,59880,59077,59832,61791,64354,65170,65926,65394,64958,64507,65510,66490,68291,69408,70788,72425,73409,71196,72043,73022,73512,73796,70934,71273,71522,71308,70262,67229,64586,63079,57870,59394,57923,58555,60960,65680,64556,65340,64647,65130,65450,66346,66851,69076,70144,71339,72507,73694,71428,69928,70989,70284,70297,67605,67343,67146,67500,66990,64458,61667,60603,55839,56774,55963,56569,57850,63059,65524,67026,66303,66253,65954,66346,67130,68392,69858,71242,71799,72380,70699,69665,69510,69389,68714,65946,65195,64076,63760,63188,60542,57791,57407,53688,55543,53734,54562,56022,60725,63351,61122
WYOMING,7604,7452,7451,7076,7131,6790,6747,6711,6695,6697,6402,6280,5960,6230,6436,6652,6801,6975,6797,7155,7281,7540,7965,8099,8153,8193,8135,8096,7886,7333,7521,7477,7449,7352,7155,7181,6804,6811,6833,6766,6763,6554,6428,6138,6340,6505,6711,6778,7003,6890,7091,7340,7570,7981,8108,8176,8273,8164,8224,7932,7263,7441,7115,7417,7373,7071,7191,6903,6884,6879,6840,6776,6607,6538,6338,6544,6647,6831,6998,7155,7040,7239,7389,7803,8028,8230,8283,8426,8247,8272,8119,7429,7421,7108,7312,7332,7086,7135,6902,6927,6867,6874,6796,6657,6606,6456,6711,6697,6819,6985,7173,6994,7211,7284,7715,7942,8232,8270,8302,8203,8268,8078,7511,7376,6959,7158,6964,7247,7453,7212,7248,7233,7093,7122,6955,6842,6792,7027,7174,7184,7509,7355,7346,7411,7443,7762,8059,8401,8332,8612,8293,8304,8215,7569,7531,7118,7106,6941,7009,7411,6893,6932,6919,6867,6877,6738,6661,6724,7031,7029,7274,7427,7150,7202,7170,7226,7540,7724,7958,8170,8466,8366,8430,8110,7659,7487,7307,7123,6976,6900,7057,7602,6610,6518,6448,6499,6303,6337,6248,6424,6347,6359,6485,6420,6476,6568,6687,6922,7197,7416,7370,7664,7513,7615,7526,7128,7075,6846,6833,6689,6564,6691,7162,7155,6405,6262,6299,6133,6176,6046,6178,6233,6160,6111,6246,6167,6079,6323,6500,6631,6855,6881,7049,7057,7077,7129,6679,6642,6548,6613,6425,6245,6281,6753,6741,6429
Totals:,3877267,3813738,3732882,3719054,3696718,3672977,3699119,3717521,3652134,3629079,3600092,3601796,3632829,3635181,3684539,3711466,3726834,3706657,3603664,3520104,3457541,3452853,3437943,3371884,3350453,3325427,3268431,3197343,3066633,2945065,2900558,2774856,3827023,3753910,3731334,3709605,3684476,3723354,3723575,3682052,3644057,3613521,3628147,3660368,3670135,3735281,3771934,3787997,3768807,3663187,3564116,3496812,3492490,3493631,3395307,3381439,3355633,3302671,3239374,3110172,2987333,2936696,2811047,2805770,3776565,3761002,3731547,3709735,3747574,3746485,3695995,3676309,3641342,3652623,3700418,3716076,3777151,3818427,3840514,3821369,3720463,3629317,3541273,3529620,3519805,3463954,3422290,3403550,3355288,3299060,3181024,3066898,3027491,2905036,2910432,2899352,3772276,3748905,3718562,3756605,3753357,3698977,3679111,3659405,3651276,3691795,3708955,3765575,3801893,3824670,3809431,3709195,3615939,3538027,3496977,3480371,3415114,3402615,3356338,3302297,3249266,3129006,3020070,2979123,2853464,2853007,2838513,2869754,3995574,3986172,4019481,4032533,3979521,3975264,3956990,4007857,4080016,4122552,4199826,4259909,4287123,4281345,4190237,4104719,4012333,3963294,3934876,3856464,3818843,3801220,3704455,3604115,3486958,3351831,3313235,3168630,3141456,3106280,3143179,3256407,3833718,3859678,3846035,3793886,3760559,3729960,3751378,3799883,3809135,3822200,3862846,3882204,3866158,3750491,3675255,3584412,3527855,3491013,3415392,3382134,3376462,3323171,3237391,3131234,3050404,3027271,2915420,2895549,2867522,2894602,3020018,3214941,3676753,3669059,3597832,3567860,3525617,3528256,3545841,3538482,3540964,3548100,3557482,3551445,3454423,3369339,3277218,3228867,3173937,3082842,3033941,3020899,2971923,2930297,2826023,2748189,2751227,2655946,2645100,2611633,2629483,2748750,2935626,2953561,3631450,3571441,3537232,3496484,3476132,3477025,3451876,3471888,3431686,3399689,3374512,3277401,3180248,3094349,3046491,2989509,2862859,2802793,2781621,2721709,2672932,2586448,2487135,2487552,2424031,2430536,2392456,2381083,2473278,2649674,2680825,2600516

Data Source: U.S. Department of Education National Center for Education Statistics Common Core of Data (CCD) "State Nonfiscal Public Elementary/Secondary Education Survey" 1986-87 v.1c  1987-88 v.1c  1988-89 v.1c  1989-90 v.1c  1990-91 v.1c  1991-92 v.1c  1992-93 v.1c  1993-94 v.1b  1994-95 v.1b  1995-96 v.1b  1996-97 v.1c  1997-98 v.1c  1998-99 v.1b  1999-00 v.1b  2000-01 v.1c  2001-02 v.1c  2002-03 v.1b  2003-04 v.1b  2004-05 v.1f  2005-06 v.1b  2006-07 v.1c  2007-08 v.1b  2008-09 v.1c  2009-10 v.1b  2010-11 v.1a  2011-12 v.1a  2012-13 v.1a  2013-14 v.1a  2016-17 v.1a  2017-18 v.1a; "State Nonfiscal Public Elementary/Secondary Education Survey Membership Data" 2014-15 v.1a  2015-16 v.1a.

† indicates that the data are not applicable.
– indicates that the data are missing.
‡ indicates that the data do not meet NCES data quality standards.
