﻿ELSI Export

National Center for Education Statistics - http://nces.ed.gov/ccd/elsi/

This is a State based table with the following filters applied: State(s) (All Years): All 50 + DC

State Name,Total Students [State] 2017-18,Total Students [State] 2016-17,Total Students [State] 2015-16,Total Students [State] 2014-15,Total Students [State] 2013-14,Total Students [State] 2012-13,Total Students [State] 2011-12,Total Students [State] 2010-11,Total Students [State] 2009-10,Total Students [State] 2008-09,Total Students [State] 2007-08,Total Students [State] 2006-07,Total Students [State] 2005-06,Total Students [State] 2004-05,Total Students [State] 2003-04,Total Students [State] 2002-03,Total Students [State] 2001-02,Total Students [State] 2000-01,Total Students [State] 1999-00,Total Students [State] 1998-99,Total Students [State] 1997-98,Total Students [State] 1996-97,Total Students [State] 1995-96,Total Students [State] 1994-95,Total Students [State] 1993-94,Total Students [State] 1992-93,Total Students [State] 1991-92,Total Students [State] 1990-91,Total Students [State] 1989-90,Total Students [State] 1988-89,Total Students [State] 1987-88,Total Students [State] 1986-87,Grades 1-8 Students [State] 2016-17,Grades 1-8 Students [State] 2015-16,Grades 1-8 Students [State] 2014-15,Grades 1-8 Students [State] 2013-14,Grades 1-8 Students [State] 2012-13,Grades 1-8 Students [State] 2011-12,Grades 1-8 Students [State] 2010-11,Grades 1-8 Students [State] 2009-10,Grades 1-8 Students [State] 2008-09,Grades 1-8 Students [State] 2007-08,Grades 1-8 Students [State] 2006-07,Grades 1-8 Students [State] 2005-06,Grades 1-8 Students [State] 2004-05,Grades 1-8 Students [State] 2003-04,Grades 1-8 Students [State] 2002-03,Grades 1-8 Students [State] 2001-02,Grades 1-8 Students [State] 2000-01,Grades 1-8 Students [State] 1999-00,Grades 1-8 Students [State] 1998-99,Grades 1-8 Students [State] 1997-98,Grades 9-12 Students [State] 2017-18,Grades 9-12 Students [State] 2016-17,Grades 9-12 Students [State] 2015-16,Grades 9-12 Students [State] 2014-15,Grades 9-12 Students [State] 2013-14,Grades 9-12 Students [State] 2012-13,Grades 9-12 Students [State] 2011-12,Grades 9-12 Students [State] 2010-11,Grades 9-12 Students [State] 2009-10,Grades 9-12 Students [State] 2008-09,Grades 9-12 Students [State] 2007-08,Grades 9-12 Students [State] 2006-07,Grades 9-12 Students [State] 2005-06,Grades 9-12 Students [State] 2004-05,Grades 9-12 Students [State] 2003-04,Grades 9-12 Students [State] 2002-03,Grades 9-12 Students [State] 2001-02,Grades 9-12 Students [State] 2000-01,Grades 9-12 Students [State] 1999-00,Grades 9-12 Students [State] 1998-99,Grades 9-12 Students [State] 1997-98,Grade 4 Students [State] 2017-18,Grade 4 Students [State] 2016-17,Grade 4 Students [State] 2015-16,Grade 4 Students [State] 2014-15,Grade 4 Students [State] 2013-14,Grade 4 Students [State] 2012-13,Grade 4 Students [State] 2011-12,Grade 4 Students [State] 2010-11,Grade 4 Students [State] 2009-10,Grade 4 Students [State] 2008-09,Grade 4 Students [State] 2007-08,Grade 4 Students [State] 2006-07,Grade 4 Students [State] 2005-06,Grade 4 Students [State] 2004-05,Grade 4 Students [State] 2003-04,Grade 4 Students [State] 2002-03,Grade 4 Students [State] 2001-02,Grade 4 Students [State] 2000-01,Grade 4 Students [State] 1999-00,Grade 4 Students [State] 1998-99,Grade 4 Students [State] 1997-98,Grade 4 Students [State] 1996-97,Grade 4 Students [State] 1995-96,Grade 4 Students [State] 1994-95,Grade 4 Students [State] 1993-94,Grade 4 Students [State] 1992-93,Grade 4 Students [State] 1991-92,Grade 4 Students [State] 1990-91,Grade 4 Students [State] 1989-90,Grade 4 Students [State] 1988-89,Grade 4 Students [State] 1987-88,Grade 4 Students [State] 1986-87,Prekindergarten Students [State] 2017-18,Prekindergarten Students [State] 2016-17,Prekindergarten Students [State] 2015-16,Prekindergarten Students [State] 2014-15,Prekindergarten Students [State] 2013-14,Prekindergarten Students [State] 2012-13,Prekindergarten Students [State] 2011-12,Prekindergarten Students [State] 2010-11,Prekindergarten Students [State] 2009-10,Prekindergarten Students [State] 2008-09,Prekindergarten Students [State] 2007-08,Prekindergarten Students [State] 2006-07,Prekindergarten Students [State] 2005-06,Prekindergarten Students [State] 2004-05,Prekindergarten Students [State] 2003-04,Prekindergarten Students [State] 2002-03,Prekindergarten Students [State] 2001-02,Prekindergarten Students [State] 2000-01,Prekindergarten Students [State] 1999-00,Prekindergarten Students [State] 1998-99,Prekindergarten Students [State] 1997-98,Prekindergarten Students [State] 1996-97,Prekindergarten Students [State] 1995-96,Prekindergarten Students [State] 1994-95,Prekindergarten Students [State] 1993-94,Prekindergarten Students [State] 1992-93,Prekindergarten Students [State] 1991-92,Prekindergarten Students [State] 1990-91,Prekindergarten Students [State] 1989-90,Prekindergarten Students [State] 1988-89,Prekindergarten Students [State] 1987-88,Prekindergarten Students [State] 1986-87,Kindergarten Students [State] 2017-18,Kindergarten Students [State] 2016-17,Kindergarten Students [State] 2015-16,Kindergarten Students [State] 2014-15,Kindergarten Students [State] 2013-14,Kindergarten Students [State] 2012-13,Kindergarten Students [State] 2011-12,Kindergarten Students [State] 2010-11,Kindergarten Students [State] 2009-10,Kindergarten Students [State] 2008-09,Kindergarten Students [State] 2007-08,Kindergarten Students [State] 2006-07,Kindergarten Students [State] 2005-06,Kindergarten Students [State] 2004-05,Kindergarten Students [State] 2003-04,Kindergarten Students [State] 2002-03,Kindergarten Students [State] 2001-02,Kindergarten Students [State] 2000-01,Kindergarten Students [State] 1999-00,Kindergarten Students [State] 1998-99,Kindergarten Students [State] 1997-98,Kindergarten Students [State] 1996-97,Kindergarten Students [State] 1995-96,Kindergarten Students [State] 1994-95,Kindergarten Students [State] 1993-94,Kindergarten Students [State] 1992-93,Kindergarten Students [State] 1991-92,Kindergarten Students [State] 1990-91,Kindergarten Students [State] 1989-90,Kindergarten Students [State] 1988-89,Kindergarten Students [State] 1987-88,Kindergarten Students [State] 1986-87,Grade 1 Students [State] 2017-18,Grade 1 Students [State] 2016-17,Grade 1 Students [State] 2015-16,Grade 1 Students [State] 2014-15,Grade 1 Students [State] 2013-14,Grade 1 Students [State] 2012-13,Grade 1 Students [State] 2011-12,Grade 1 Students [State] 2010-11,Grade 1 Students [State] 2009-10,Grade 1 Students [State] 2008-09,Grade 1 Students [State] 2007-08,Grade 1 Students [State] 2006-07,Grade 1 Students [State] 2005-06,Grade 1 Students [State] 2004-05,Grade 1 Students [State] 2003-04,Grade 1 Students [State] 2002-03,Grade 1 Students [State] 2001-02,Grade 1 Students [State] 2000-01,Grade 1 Students [State] 1999-00,Grade 1 Students [State] 1998-99,Grade 1 Students [State] 1997-98,Grade 1 Students [State] 1996-97,Grade 1 Students [State] 1995-96,Grade 1 Students [State] 1994-95,Grade 1 Students [State] 1993-94,Grade 1 Students [State] 1992-93,Grade 1 Students [State] 1991-92,Grade 1 Students [State] 1990-91,Grade 1 Students [State] 1989-90,Grade 1 Students [State] 1988-89,Grade 1 Students [State] 1987-88,Grade 1 Students [State] 1986-87,Grade 2 Students [State] 2017-18,Grade 2 Students [State] 2016-17,Grade 2 Students [State] 2015-16,Grade 2 Students [State] 2014-15,Grade 2 Students [State] 2013-14,Grade 2 Students [State] 2012-13,Grade 2 Students [State] 2011-12,Grade 2 Students [State] 2010-11,Grade 2 Students [State] 2009-10,Grade 2 Students [State] 2008-09,Grade 2 Students [State] 2007-08,Grade 2 Students [State] 2006-07,Grade 2 Students [State] 2005-06,Grade 2 Students [State] 2004-05,Grade 2 Students [State] 2003-04,Grade 2 Students [State] 2002-03,Grade 2 Students [State] 2001-02,Grade 2 Students [State] 2000-01,Grade 2 Students [State] 1999-00,Grade 2 Students [State] 1998-99,Grade 2 Students [State] 1997-98,Grade 2 Students [State] 1996-97,Grade 2 Students [State] 1995-96,Grade 2 Students [State] 1994-95,Grade 2 Students [State] 1993-94,Grade 2 Students [State] 1992-93,Grade 2 Students [State] 1991-92,Grade 2 Students [State] 1990-91,Grade 2 Students [State] 1989-90,Grade 2 Students [State] 1988-89,Grade 2 Students [State] 1987-88,Grade 2 Students [State] 1986-87,Grade 3 Students [State] 2017-18,Grade 3 Students [State] 2016-17,Grade 3 Students [State] 2015-16,Grade 3 Students [State] 2014-15,Grade 3 Students [State] 2013-14,Grade 3 Students [State] 2012-13,Grade 3 Students [State] 2011-12,Grade 3 Students [State] 2010-11,Grade 3 Students [State] 2009-10,Grade 3 Students [State] 2008-09,Grade 3 Students [State] 2007-08,Grade 3 Students [State] 2006-07,Grade 3 Students [State] 2005-06,Grade 3 Students [State] 2004-05,Grade 3 Students [State] 2003-04,Grade 3 Students [State] 2002-03,Grade 3 Students [State] 2001-02,Grade 3 Students [State] 2000-01,Grade 3 Students [State] 1999-00,Grade 3 Students [State] 1998-99,Grade 3 Students [State] 1997-98,Grade 3 Students [State] 1996-97,Grade 3 Students [State] 1995-96,Grade 3 Students [State] 1994-95,Grade 3 Students [State] 1993-94,Grade 3 Students [State] 1992-93,Grade 3 Students [State] 1991-92,Grade 3 Students [State] 1990-91,Grade 3 Students [State] 1989-90,Grade 3 Students [State] 1988-89,Grade 3 Students [State] 1987-88,Grade 3 Students [State] 1986-87
ALABAMA,742444,744930,743789,744164,746204,744637,744621,755552,748889,745668,742919,743632,741761,730140,731220,739366,737190,739992,740732,747980,749207,747932,746149,736531,734288,731634,722004,721806,723743,724751,729234,733735,452063,452764,454081,458327,458974,461122,467768,464601,465403,466414,466583,466164,462799,466920,467993,469591,472686,472019,473954,472847,219387,222638,222182,221068,218705,217203,217615,221940,219495,217590,216941,214968,212414,208383,205907,206159,201610,201358,202045,205630,208148,58541,57945,55808,55479,55719,55859,56491,59117,59512,58593,57795,56720,55919,56182,57323,58690,58929,59749,60012,58610,57431,57098,56486,56773,57497,57948,58520,58666,59944,57531,56671,56939,15520,14755,13230,11076,9415,9032,8282,8179,7774,6470,3592,3872,2623,1994,1852,9715,11841,10836,10548,10341,9886,9633,9324,9051,8264,8224,–,–,–,†,–,–,54985,55474,55613,57939,59757,59428,57602,57665,57019,56205,55972,58209,58692,56964,56541,55499,54148,55112,56120,58055,58326,60949,59739,57723,56598,55460,54125,54067,55478,54265,54454,53672,56414,56577,59023,60379,60315,58287,57859,58448,57821,57882,59926,60977,59756,58567,58064,56904,58102,59669,61517,63634,63553,63665,61694,60366,59239,58168,58744,60230,60669,61324,62293,64231,55606,57608,58766,58370,56909,56361,56315,56699,56628,58683,59096,58289,57545,55661,54935,55984,56877,58887,59203,60341,60682,58683,57452,56502,55781,56139,57130,57414,57909,58390,59613,57357,57526,58554,57963,56007,56003,55868,55991,57216,58608,59243,58229,57413,56618,54954,56429,57269,58654,59263,60033,60458,58969,57435,57732,57259,58612,59481,60086,60713,61085,62462,60235,58682
ALASKA,132872,132737,132477,131176,130944,131489,131167,132104,131661,130662,131029,132608,133288,132970,133933,134364,134358,133356,134391,135373,132123,129919,127618,127057,125948,122487,118680,113903,109280,106481,106869,107848,80644,80011,79112,78835,79369,78849,78880,78545,77614,77676,78540,79377,80351,82337,82920,83540,83555,84674,85124,83217,38254,38573,38688,38431,38230,38420,39110,40114,40837,41399,42049,42441,42063,40989,40238,39984,39461,38914,38790,38394,36474,10398,10320,10118,9812,9722,9756,9667,9917,10046,9756,9420,9589,9495,9674,10115,10084,10718,10646,10926,10555,10473,10055,10222,10318,10156,9748,9883,9487,9010,8517,8273,8706,3586,3246,3369,3074,3247,3131,2755,2990,2475,1905,1679,1832,1914,1760,1883,1391,1253,1210,1344,2017,2183,2186,2419,2593,2787,2371,1914,1713,1782,1747,1191,–,10196,10274,10409,10559,10632,10569,10453,10120,9804,9744,9625,9795,9934,9870,9475,10069,10095,9677,9583,9838,10249,10451,10567,10309,10329,10152,10405,10107,9652,8637,9759,10334,10243,10431,10587,10598,10529,10393,10143,9991,9926,9735,9735,9951,9887,9510,9675,9423,9509,9786,9999,10641,10596,10670,10444,10679,10663,11030,11047,10550,9893,10468,10567,10621,10331,10523,10512,10415,10208,10109,9961,10006,9827,9950,9983,9945,9564,9773,9501,9613,9905,9817,10656,10754,10625,10453,10352,10194,10549,10585,10256,9491,9663,9433,9186,9080,10409,10474,10441,10066,9902,9950,9835,9787,10032,9912,9762,9518,9641,9452,9735,10083,10011,10700,10706,10818,10544,10361,10030,10420,10479,10135,9677,9795,9452,8905,8645,8881
ARIZONA,1110851,1123137,1109040,1111695,1102445,1089384,1080319,1071751,1077831,1087817,1087447,1068249,1094454,1043298,1012068,937755,922180,877696,852612,848262,814113,799250,743566,737424,709453,673477,656980,639853,607615,574890,572421,534538,694046,687144,687823,679992,671982,665998,660440,666897,667539,668290,659167,645851,627544,613442,576817,585206,567626,551623,543670,522450,333079,339195,333579,331552,327144,321634,320807,319747,317397,316048,316376,308576,354901,320690,307272,276984,249920,236933,228813,224867,217764,88092,89184,86594,85535,84282,83892,82566,82862,83686,83793,82876,81388,80458,77110,76207,71139,74270,72295,70418,67764,65170,62793,60202,60032,57701,55433,54684,53041,50508,45518,44032,40187,14124,9704,8747,8839,8791,9304,8860,8554,9175,16748,15854,14905,9979,9730,9376,7533,6624,2037,1772,5209,4674,4495,4027,3540,3164,2544,2411,1693,877,607,="0",–,79520,79760,79396,83241,86258,86265,84433,82860,84191,87229,86742,85388,83529,80614,76365,71357,72119,68347,67051,65312,63857,64613,61420,59545,57656,53497,54410,53839,49164,48132,49182,43759,80377,82115,84804,88348,88553,86474,85535,84473,85725,85482,86920,85706,83426,79773,77612,73584,73938,74491,72471,72179,70928,70180,64215,63198,60628,58914,59071,58668,58644,54869,53285,48259,81200,85620,87325,88212,85814,84763,83843,83544,84033,84946,85520,83867,80750,78239,76617,70809,73478,71402,71161,71669,68478,65505,61418,60274,59285,56814,55486,55782,53747,48451,48711,42764,84933,88897,88194,86493,85149,83883,83546,82485,84060,84480,84590,82088,80091,78495,75422,71820,72702,72603,71060,70193,66045,64627,59828,60591,59098,55630,55616,55210,51604,47970,45990,40831
ARKANSAS,496085,493447,492132,490917,489979,486157,483114,482114,480559,478965,479016,476409,474206,463115,454523,450985,449805,449959,451034,452256,456497,457349,453257,447565,444271,441490,438518,436286,434960,436387,437036,437438,297045,296050,295622,294621,292641,293926,293680,292256,289953,288518,287207,286781,282856,281834,280571,280237,281091,281082,282517,282911,143487,143085,142242,141653,140185,138428,136959,136156,136213,137196,138921,139689,138237,134641,132712,131716,131418,131511,132893,132507,133449,38800,38598,35893,35922,36321,36140,36662,36873,36479,36345,35710,35581,34951,33884,34070,33835,35216,35724,35707,35034,34067,33855,33955,34488,34255,34632,34496,34438,34651,33777,32468,32799,16827,16181,16083,14834,14984,14290,14466,14059,13504,13254,12795,10895,10372,7688,2573,1938,1623,2001,1425,1390,1672,1980,1525,1652,1248,808,–,–,–,†,†,–,36942,36917,37509,38503,39900,40463,37305,37701,38115,37997,38192,38058,38070,36967,36391,35283,34981,33941,34218,34120,35761,36442,36731,35620,34337,33511,33799,34052,33543,34023,33695,34070,36820,37251,38160,39318,39720,37093,37491,37651,37665,37724,37872,37689,37271,36286,35615,35201,34084,34541,34640,36162,36984,37370,36369,35359,34586,34929,35567,35348,36333,36493,37225,37490,36915,37759,38590,38717,36244,36450,36702,36770,36934,37010,36570,36298,35714,34795,34242,33228,33604,33904,35062,35599,35899,35236,34257,33615,33737,34517,33978,34374,34696,34935,35263,34501,37797,38586,38410,35865,36090,36362,36452,36624,36903,36386,36275,35753,35564,34444,33642,33735,33779,35147,35586,35822,35001,34021,33621,33626,34398,34044,34394,34295,34540,34851,33693,32880
CALIFORNIA,6304266,6309138,6226737,6312161,6312623,6299451,6287834,6289578,6263438,6322528,6343471,6406750,6437202,6441557,6413867,6353667,6247726,6140814,6038590,5926037,5803887,5686198,5536406,5407475,5327231,5254844,5107145,4950474,4771978,4618120,4488398,4377989,3747077,3748465,3767745,3771067,3763810,3742708,3749960,3717166,3770281,3801685,3830950,3848455,3897579,3929869,3917027,3871843,3804640,3734997,3666271,3591033,1943939,1939323,1941009,1949755,1952314,1965168,1977069,1993538,1997064,2013687,2011865,1993972,1953077,1915361,1854518,1807054,1745295,1707952,1675778,1627284,1578929,466660,471141,485885,475192,470515,468007,462082,463691,465866,463904,467305,470542,477828,488045,493415,491510,485301,489043,489356,462241,451069,435217,428553,426919,420233,418418,412613,399293,379538,352076,335078,325902,83853,80903,–,76641,75951,74360,73630,72404,71783,70497,68002,119824,125099,119410,114939,109264,100351,89919,85992,81926,76584,73233,69182,66450,59954,59067,–,–,="0",="0",="0",–,531725,535379,530531,511985,506831,489274,488070,468036,471058,461063,454743,454605,458440,455155,456941,456940,457165,459771,459771,459262,463684,469965,472334,448237,444104,431763,428392,423740,410631,403237,392112,380608,456175,456002,444573,464323,470812,489420,489961,477086,470783,468848,471770,477226,473239,477554,481035,486186,488311,487058,484535,485781,488429,491159,466167,457886,444346,443955,444101,432694,423689,409608,393533,374272,455523,445553,463881,469713,485674,474656,471993,470001,459334,465495,471398,465948,469553,474856,482626,489124,491610,490510,485130,487454,489070,463864,453020,438672,435329,436488,427612,419469,405057,385936,366613,343780,447253,465165,470157,485624,474323,470243,467539,461967,459813,469824,465121,467831,471246,481280,489642,493128,488633,482278,488981,489702,463034,452225,435380,431169,431107,424961,420018,409839,393011,370878,347207,330354
COLORADO,910280,905019,899112,889006,876999,863561,854265,843316,832368,818443,801867,794026,779826,765976,757693,751862,742145,724508,708109,699135,687167,673438,656279,640521,625062,612635,593030,574213,562755,560081,560236,558415,543056,541348,536632,528653,520184,513402,505302,497487,488039,478501,473565,467266,462471,460419,460225,456561,450150,442631,436825,429624,270405,265500,260909,254643,249380,246051,243411,242239,240990,238139,236141,234985,229951,225281,221368,217397,212989,207942,200982,197136,192259,69784,69376,68176,66809,66140,65921,64560,63819,62929,61058,59449,57877,57151,56425,56437,57318,58028,57056,56154,54382,53023,52524,52783,51877,50807,50648,49387,47341,45339,43381,41406,41114,33048,32452,32224,31663,31741,30375,31091,30593,29701,28280,25649,24554,23211,21256,19993,20368,19516,15377,12857,13068,12861,12520,10472,9853,7249,7410,5358,4351,3366,2396,2333,2227,63574,64011,64631,66068,67225,66951,66361,65182,64190,63985,61576,60922,59398,56968,55913,53872,53079,51039,50378,50859,51408,50707,50316,48673,47598,47588,47875,46337,45412,46599,47065,45843,64967,65380,67497,68905,68509,67369,66398,65665,66076,64139,63351,62613,60503,58798,57030,56739,55817,55144,55171,55589,55035,54565,52767,51634,51410,51855,50551,49319,49893,49844,49274,48078,65616,67480,68811,68687,67460,66134,65598,65885,63948,63404,62076,60308,58698,56634,56188,55734,55683,55709,55855,55284,54437,52947,51786,51229,51673,50686,49441,49002,48242,47005,46132,44239,67991,69225,69091,67829,66429,65667,65956,64238,63558,62647,60410,59126,57198,56470,55840,55996,56468,56984,55883,55304,53710,52377,52030,52191,51222,50213,49787,48438,46839,45202,43793,41771
CONNECTICUT,531288,535118,537933,542678,546200,550954,554437,560546,563968,567198,570626,575100,575059,577390,577203,570023,570228,562179,553993,544698,535164,527129,517935,506824,496298,488476,481050,469123,461560,460637,465465,468847,313686,315851,319247,321966,324906,328515,331884,334409,336582,339965,343652,345725,349835,353661,353624,357061,354391,351202,346825,340533,165742,166275,167056,167790,169038,170245,171060,173071,174004,174980,176592,177037,175354,173221,169409,164025,160211,155734,150080,145317,140872,38873,39859,39077,39699,39810,40895,40138,41155,41510,41792,42488,42107,42876,42652,43494,44021,44990,44682,45307,44520,43175,41969,41365,40737,39093,38058,37381,36333,35148,34074,32489,31912,18579,18536,18385,17987,16922,16393,16022,15921,15689,14952,14180,13577,12774,12448,11823,11150,11050,10484,10518,10056,9680,9147,8093,7601,6216,5731,5486,5185,4694,3884,3830,3620,36225,36621,36641,37654,38274,39410,38840,39670,39866,40684,39889,40834,41206,41886,42310,41224,41906,41570,42193,42500,42382,43213,44148,43511,42338,41319,40822,40594,39264,38689,38426,37432,36783,36877,37799,38817,40005,39558,40396,40830,41892,41171,42023,42671,42909,43483,43250,43797,43772,44347,44825,44936,45440,46391,45969,44869,43961,43255,43092,42607,41565,40913,39627,38626,36848,37815,38475,39605,39024,39858,40051,41203,40265,41303,41790,42182,42473,42266,43102,42564,43273,43860,43974,44398,44701,44172,43030,42023,41289,40774,39905,38656,37816,36728,35361,34357,38020,38651,39575,39062,39629,39867,40946,40254,41205,41732,41953,42487,42061,43083,43124,43448,44696,44711,44930,45154,44276,43092,42010,41225,40244,39548,38420,37701,36545,35204,33953,32722
DELAWARE,136293,136264,134847,134042,131687,129026,128946,129403,126801,125430,122574,122254,120937,119091,117668,116342,115560,114676,112836,113262,111960,110549,108461,106813,105547,104321,102196,99658,97808,96678,95659,94410,84105,83409,82971,81303,79585,79106,78843,77418,76615,75619,75730,75448,74650,74352,73795,73059,72404,71779,71328,70161,40903,40504,39845,39346,38483,38022,38322,39124,39091,38619,37555,37258,36298,35492,34770,34121,34257,33875,32562,33307,33188,10838,10612,10533,10278,10069,10089,9691,9797,9672,9521,9085,8982,8896,8872,9097,9007,9065,8848,8685,8538,8758,8329,8527,8367,8285,8272,8185,8236,7864,7592,7027,6620,1802,1761,1553,1520,1413,1291,1402,1626,755,738,583,662,680,670,642,665,586,706,716,602,572,597,670,618,565,463,435,344,294,293,281,286,9943,9894,10040,10205,10488,10128,10116,9810,9537,9458,8817,8604,8511,8279,7904,7761,7615,7691,7779,8025,8039,8002,7775,7523,8153,8025,8137,7980,7814,7876,7772,7696,10048,10199,10544,10732,10370,10393,10220,10157,10160,9786,9841,9717,9566,9111,9051,8918,9079,9233,9502,9307,9114,8831,8579,9097,8816,9072,8931,8938,9060,9109,9103,9014,10327,10653,10793,10554,10487,10123,9943,10127,9794,9737,9430,9351,9011,8861,8712,8800,9053,9208,9061,8996,8707,8480,8721,8450,8703,8523,8450,8421,8243,8199,7941,7582,10602,10854,10532,10529,10220,9963,10138,9796,9740,9621,9455,9176,9034,8783,8898,9110,9214,9015,8826,8674,8441,8752,8425,8595,8455,8444,8334,8212,8242,7828,7455,6851
DISTRICT OF COLUMBIA,87315,85850,84024,80958,78153,76140,73911,71284,69433,68681,78422,72850,76876,76714,78057,76166,68449,68925,77194,71889,77111,78648,79802,80450,80678,80937,80618,80694,81301,84792,86435,85612,46680,44996,43084,41239,39377,38259,37867,37698,38190,40295,38337,41142,43405,45706,45011,41292,41330,45931,42997,45470,19173,19052,18884,17634,17717,17577,17261,17632,17597,17891,20242,18313,18769,17725,16828,15374,13530,13781,15849,13932,15896,6339,6295,5701,5264,4826,4631,4643,4877,4893,4595,4807,4577,5003,5300,5920,6078,5561,5830,6070,5607,5357,5442,5852,5783,5870,5832,5961,6100,5924,6242,6055,6200,12727,12544,12316,12049,11867,11428,10831,9581,8499,7451,7146,5800,5499,5432,5168,4703,4105,4289,4774,4831,5156,5044,5387,5508,5216,4818,4538,4215,3645,3570,3436,3405,7465,7574,7319,7273,7174,6980,6358,5939,5190,5122,5306,5323,5545,5387,5659,5475,5203,5357,6617,6446,6982,7469,7736,7628,6986,6667,6578,6417,6339,6292,6579,6546,7222,7138,7056,7021,6787,6163,5757,5240,5023,5022,5492,5304,5269,5603,5804,5991,5751,6253,7325,7094,7756,7912,7931,7184,7195,7367,7280,7526,7415,7614,7587,7845,6820,6825,6789,6645,6005,5629,5102,4915,4908,5132,5285,4825,5152,5275,5723,5775,5752,6213,6972,6772,6972,7114,6533,6515,6728,6606,6651,6752,6754,7002,7033,7096,6602,6590,6464,5827,5479,4991,4805,4873,4995,5106,4928,4737,4889,5320,5611,5943,5845,5839,6702,6101,6644,6271,6063,6365,6149,6186,6269,6454,6447,6536,6448,6458
FLORIDA,2832424,2816791,2792234,2756944,2720744,2692162,2668156,2643347,2634522,2631020,2666811,2671513,2675024,2639336,2587628,2539929,2500478,2434821,2381396,2337633,2294077,2242212,2176222,2111188,2040763,1981407,1932131,1861592,1789925,1720930,1664774,1607320,1707618,1692825,1670530,1647922,1626947,1617862,1608622,1603349,1607634,1611475,1618382,1622830,1612640,1590802,1574787,1563151,1528970,1496757,1475585,1451398,851483,847781,839773,823249,807034,799602,792054,784849,783621,781725,810952,804951,801629,781538,755252,730650,703064,674919,655903,633609,613761,220504,212595,215435,202424,198411,195358,195625,200682,199322,198129,195859,199686,195265,197293,178109,197625,196952,194320,190744,186203,180873,175240,173169,173297,168509,164416,159330,150965,142174,132484,121543,117394,61241,60332,60122,58613,56470,55124,54938,52779,51495,48233,46917,46117,47240,47995,49588,51222,57038,55120,53783,53969,54044,53979,51123,47993,34793,31464,26784,20184,14396,8317,5939,4287,200185,201060,199514,204552,209318,210489,203302,197097,196057,193428,197467,202063,203325,197163,191986,183270,177225,175812,174953,174470,174874,176512,176767,172135,167140,161701,161688,163209,158907,153773,145384,134732,207590,205870,211687,216025,216003,208344,203496,200806,197882,201072,206706,208032,205385,201536,194449,186438,187725,186708,184482,184802,185618,185614,180182,175106,169039,167594,170096,165375,161357,152910,143854,133743,207609,213263,217768,216358,208256,202517,200381,196620,198479,202513,203753,201704,200719,195370,188585,187926,188894,186474,186014,186394,186229,181795,175891,169651,168302,169383,164759,159653,151198,141231,130833,123061,226346,232380,224595,219757,212806,209027,206732,205650,209068,208942,208353,206136,208565,206716,210301,192710,192757,191028,189501,188445,184144,178378,172039,170632,170860,165858,162741,155946,146938,136584,127904,117387
GEORGIA,1768642,1764346,1757237,1744437,1723909,1703332,1685016,1677067,1667685,1655792,1649589,1629157,1598461,1553437,1522611,1496012,1470634,1444937,1422762,1401291,1375980,1346761,1311126,1270948,1235304,1207186,1177569,1151687,1126535,1107994,1110947,1096425,1071088,1067899,1063066,1051792,1040200,1032525,1027655,1021486,1015622,1008878,996737,978416,958093,947846,939044,930712,916775,902312,886320,870113,522034,518772,513865,501605,490032,481043,473766,474588,472934,470108,471012,462649,453015,435058,419430,407451,395439,384954,378732,371905,365429,138249,137963,134343,131377,129329,128538,128827,131326,130091,127285,125404,121155,119028,116129,117201,118053,116886,116678,116517,112226,108023,105333,103072,101054,99802,99648,98491,96123,94825,88314,83226,81587,47726,47430,46685,46150,45427,45252,45353,42816,41940,40726,39908,39318,38633,37791,36486,34745,33310,32248,31359,30779,29357,25522,22621,12859,5534,3303,1315,604,–,†,†,–,126400,127056,128788,133616,136658,136837,133372,132008,131325,129336,129791,130453,128397,122495,118849,114772,111173,110960,110359,112287,111081,112385,111462,108398,103365,100745,97590,97208,95460,96054,92592,88748,128192,129819,134520,138006,137101,133482,131044,130171,128857,129807,131750,129876,125153,120880,117282,113821,114464,114049,115596,114855,115462,114978,110955,105961,103346,101270,100215,99109,98413,97079,97353,97804,130015,134827,137584,136841,133003,130176,128319,127744,128712,130851,129385,125241,122084,117310,113706,114090,113911,114939,113956,114454,114559,110641,105752,102495,100224,98952,97385,96668,94417,94513,92812,86941,135911,138526,137678,134081,131114,129257,128647,129879,132515,131206,128835,126293,121345,117092,115849,115643,116914,115691,115466,115495,111495,107050,103936,101656,100082,98655,98224,97977,97997,94992,89630,85014
HAWAII,180837,181550,181995,182384,186825,184760,182706,179601,180196,179478,179897,180728,182818,183185,183609,183829,184546,184360,185860,188069,189887,187653,187180,183795,180410,177448,174747,171708,169493,167488,166160,164640,114606,114924,117974,116670,114462,112565,109990,109861,108733,108882,110480,111731,113811,115060,116402,117080,117339,117754,118938,120253,50385,50216,50219,50925,50806,51069,51598,51975,52630,53481,54246,54636,55258,54292,53519,52922,52613,52031,52565,53338,53448,15443,15459,15196,15221,14810,14572,14353,13457,14249,13739,13652,13687,14127,14289,14538,14653,14886,15291,15703,15215,15127,14864,14867,14572,14813,13754,13677,13124,13245,12654,12162,12146,1582,1648,1586,1489,1577,1509,1492,1393,1547,1607,1531,1486,1412,1288,1175,1031,917,840,824,674,606,694,609,631,532,525,498,–,300,261,250,304,14316,14652,14860,11661,17561,17497,16827,16028,15970,15475,15042,13953,14236,13576,13779,13377,13822,14071,14618,15019,15473,16129,16562,15678,15199,14440,14353,13898,14147,14091,13888,13642,14755,15036,11908,16165,16271,15555,15156,14754,14684,14375,13633,14366,14023,14207,13852,14457,14444,14988,15044,15698,16330,16683,16013,15696,15158,14761,14322,14255,14544,14280,13975,13779,14981,12009,15865,15994,15419,15264,14810,14540,14298,13601,14216,13887,13965,13899,14305,14330,14788,14825,15195,15894,16445,15789,15546,15208,15038,14069,14342,13953,14180,13796,13562,13092,11986,15701,15747,15394,15269,14810,14672,14234,13619,14238,13756,13839,13821,14298,14291,14710,14818,14928,15506,16050,15562,15104,15106,15052,14713,14037,14089,13534,13661,13428,12875,12355
IDAHO,301186,297200,292277,290885,296476,284834,279873,275859,276299,275051,272119,267380,261982,256084,252120,248604,246521,245117,245136,244722,244403,245252,243097,240448,236774,231668,225680,220840,214932,214615,212444,208391,184940,182320,181354,181856,177111,174825,171179,170477,169241,166996,163296,160058,156033,154162,152767,151213,151139,149624,149163,149216,90256,88576,86334,85232,87143,82631,81809,81715,81571,81497,80948,80375,79153,77863,76696,75355,75098,74696,76314,76118,75579,24003,23765,22812,22799,22803,21884,21835,21575,21337,21450,20658,19989,19860,18856,18710,18849,18974,18964,19125,18510,18527,18085,17640,18361,18665,18607,18437,17825,17707,17534,16968,16672,2845,2536,2549,2597,4081,2683,1338,1821,2646,2797,2880,2787,2784,2585,2672,2517,2341,2174,2158,2123,2109,1689,1665,1501,1389,1231,1097,919,361,="0",="0",–,21111,21085,20988,21509,23396,22409,21901,21144,21605,21516,21295,20922,19987,19603,18590,17965,17869,17093,17024,17318,17499,17562,17750,17260,17039,16018,15133,15676,16259,16925,17354,16646,22148,22102,22386,23166,23954,22535,22557,21865,21901,21810,21779,20983,20702,19459,18805,18784,17940,18096,18400,18623,18584,18805,18260,18324,17464,16694,17123,17806,17947,18517,18287,18528,22376,22724,23183,23175,23213,22508,22068,21577,21734,21771,21162,20985,19822,19016,18924,18108,18017,18348,18437,18449,18648,18262,18285,17665,16872,17354,17653,17726,17822,17637,17947,17679,23146,23592,23393,22702,23118,22247,21845,21592,21604,21309,21276,20260,19549,19356,18531,18349,18490,18753,18618,18901,18398,18366,17952,17326,17788,18162,18066,18090,17498,17757,17563,17018
ILLINOIS,2005153,2026718,2041779,2050239,2066990,2072880,2083097,2091654,2104175,2119707,2112805,2118276,2111706,2097503,2100961,2084187,2071391,2048792,2027600,2011530,1998289,1973040,1943623,1916172,1893078,1873567,1848166,1821407,1797355,1794916,1811446,1825185,1188945,1198970,1209886,1219389,1219411,1226944,1230308,1230889,1239444,1249311,1254964,1260190,1268808,1276380,1277009,1275481,1263029,1251482,1238890,1225615,616176,618016,619292,621275,621531,624679,629941,636861,640462,640512,639896,640597,631198,613676,606669,595349,585396,573246,563940,558505,558129,148792,151903,149373,149399,152779,151409,151870,153781,154405,152951,152895,153480,154372,158622,160246,157570,159038,160495,158444,152841,146478,145919,142660,143030,138827,133120,134185,135844,139530,133592,128340,128759,83664,85018,87589,79349,80953,81475,80723,78260,84727,92782,77843,75275,72131,68764,67148,60524,57550,60712,58604,59389,55835,50857,45947,42938,42359,39682,37039,34303,29321,26945,24541,25111,132075,134735,135924,139729,145117,147315,145489,146225,148097,146969,145755,147440,147726,145797,146803,148274,148348,147619,149840,150953,153934,152268,151485,146314,144758,139237,139544,139976,135793,128748,131000,134370,137580,140517,144616,149589,152879,150312,151937,153996,152352,152772,154811,155861,154061,154861,155142,155531,159554,161147,162324,162128,161992,162304,154534,152229,147148,148403,149246,145354,138418,139972,142619,149921,139991,144613,149112,151850,149990,150336,153299,151647,152042,153856,154454,153266,153558,152864,154191,157136,159604,159858,158998,160498,159328,154385,149128,143486,143397,144406,140697,134153,135127,136281,142121,137427,145553,150449,153015,151154,151750,154232,153362,153926,155488,156687,155578,155356,155155,156370,161329,164413,162837,161530,164982,165485,157765,151499,142500,143029,143349,139748,133154,134540,135780,139980,135186,129502
INDIANA,1054187,1049547,1046757,1046269,1047385,1041369,1040765,1047232,1046661,1046147,1046764,1045940,1035074,1021348,1011130,1003875,996133,989267,988702,989001,986836,982876,977263,969022,965633,960630,956988,954525,954165,960994,964129,966780,628775,628889,633508,634763,635245,636899,640997,639931,642226,643350,640815,638447,638897,638041,635542,630403,624415,621216,617071,611905,325521,323736,321313,316465,316350,316329,316160,317818,316062,316126,317214,315832,310607,301342,293532,288607,282531,283832,287282,289486,291854,80111,78034,77751,75552,77584,75678,78627,82387,79992,78842,78204,78177,79078,78079,77484,78909,79008,79742,79139,77667,75303,72246,72356,72408,72841,73760,75214,74634,74671,71757,70400,68759,19198,18882,18529,16206,14586,9114,9540,11652,12444,11487,10755,10148,10501,7967,5561,5407,6147,5567,4997,5557,5521,5263,4901,4660,3960,3225,2431,967,805,814,801,662,77944,76874,77044,78861,80611,80681,78166,76765,78224,76308,75445,79145,75519,73142,72315,71570,72344,70727,70438,71996,72989,74803,73833,71594,70226,66065,66881,68024,68409,71250,71405,70624,76301,77100,78646,80921,81471,80151,79365,81397,80067,80965,85100,82646,80806,80247,79406,80088,79149,78787,80167,81488,82771,82221,80279,78458,74695,76230,77519,78849,80902,81616,80991,80654,76468,77930,79586,79864,78613,77465,79264,78857,79092,82877,80527,79297,78303,77902,78267,77525,76645,78022,78764,79714,79052,77274,74964,71276,71896,72430,72718,74411,75337,74717,74714,71790,78722,82108,80675,80265,78508,80476,77866,78972,82178,79915,78739,78009,77588,78331,77281,76599,77856,78388,79409,78841,77271,75067,71585,71895,72476,72869,73678,75033,74526,74344,71854,70057
IOWA,511850,509831,508014,505311,502964,499825,495870,495775,491842,487559,485115,483122,483482,478319,481226,482210,485932,495080,497301,498214,501054,502941,502343,500440,498519,494839,491363,483652,478486,478200,480826,481286,295181,293017,290642,288638,285931,283035,281595,280573,280022,279198,280371,281899,281348,282829,281686,287304,287877,289970,290279,290135,148132,147165,146808,145862,145011,144784,145718,147663,150509,151993,155611,156904,157322,154150,152565,152147,153856,155073,155506,155834,155528,37980,37830,37030,36072,35617,35492,34951,35071,35225,35031,34590,34245,34160,33743,34290,34803,36106,36448,36766,35776,34950,34918,36431,36960,36370,37692,37134,37642,37298,35491,34301,33904,30454,29307,28971,28884,28075,27729,26930,27211,21804,17022,12487,8255,6826,6108,6907,5949,5714,5797,5497,4975,4757,5042,5957,5901,5430,4592,5128,4747,3417,3334,1068,981,38293,38178,39218,39923,41240,41381,40187,39306,38956,38522,37819,37592,37435,36713,35295,34090,34249,33977,34596,35772,36486,37101,37629,37402,36348,36428,37841,38778,38136,39067,39608,40195,34934,36000,36359,37421,37397,36730,35807,35369,35222,34855,34874,34981,34499,33916,33296,33047,32979,33946,35137,35699,35982,36614,36107,35301,35131,36630,37702,37117,38181,38197,38817,39140,36056,36578,37574,37396,36717,35891,35364,35121,34823,34961,34855,34698,34341,33626,33330,32767,33957,34952,35666,35866,36314,35706,35029,34775,36217,37187,36419,37192,37088,37623,37512,36095,36683,37862,37526,36755,36026,35455,35320,34939,34992,35235,34709,34540,34064,33588,33326,33653,35204,35818,36162,36500,35521,35004,34884,36326,36994,36599,37414,37022,37690,37112,35536,34555
KANSAS,497088,494347,495884,497275,496440,489043,486108,483701,474489,471060,468295,469506,467525,469136,470490,470957,470205,470610,472188,472353,468687,466293,463008,460838,457614,451536,445390,437034,430864,426596,421112,416091,293687,293540,294230,294099,288797,287355,285250,282847,278255,276250,273740,272995,274136,275938,278400,280126,281831,284169,286624,287426,142569,141881,141615,140324,138847,137855,137455,139505,140240,139086,140893,142086,142349,143537,143559,144334,143570,143784,143129,142094,140182,37687,37692,36928,36435,36435,36167,35608,35991,35782,34965,34383,33101,33229,33503,33799,34146,34932,35165,35722,35197,35172,35077,36004,36488,35975,36013,35623,35429,34184,32345,31108,30998,21281,19302,18773,19104,18746,18475,18110,17318,10509,14271,13477,14074,1837,2486,2446,2259,2032,2263,2811,2595,5373,3723,3209,2640,2432,2391,2072,1627,1398,1043,641,495,35661,35750,36975,37524,38534,38379,37557,37023,36461,36267,35471,35392,34723,34203,33677,29910,30104,30392,30845,31279,32274,32890,33925,33445,34575,34826,35866,36221,35734,36471,36335,36358,35554,36675,37096,38204,38403,37304,36798,36520,36524,35599,35734,35374,34662,34534,33314,33534,33909,34134,34639,35472,35695,36285,35538,36070,36063,36693,37265,36946,37616,37173,37130,36162,36462,36794,37629,37885,37280,36399,36180,36357,35617,35503,35292,34487,34013,32849,32964,33408,33599,33958,34692,35061,35631,34777,35037,35191,35896,36014,35571,35932,35331,35397,34366,32650,36888,37498,37740,37138,36669,36009,36215,35648,35853,35409,34715,34108,32840,33159,33436,33604,33949,34743,35002,35599,34922,35003,35100,35915,36393,35410,36016,35410,35218,34209,32290,31138
KENTUCKY,680978,684017,686598,688640,677389,685167,681987,673128,680089,670030,666225,683152,679878,674796,663369,660782,654363,665850,648180,655687,669322,656089,659821,657642,655265,655041,646024,636401,630688,637627,642696,642778,409089,410676,412196,405262,410084,407678,404656,405017,402718,401215,396829,395406,394933,394228,394286,391238,401331,391065,393530,397019,198841,198579,198820,196733,192256,193961,193392,192661,195515,197748,196772,194672,190975,187435,183599,182479,179275,191816,186919,188371,192093,52328,52487,51339,50300,49770,50583,49894,51189,51027,49875,49250,47975,47639,47872,47890,48636,49288,50899,49962,48707,47241,47018,46834,48233,48083,49666,49495,49832,50256,49133,48446,48508,29493,26902,27144,27345,27142,26753,28107,24260,27909,18660,17985,36518,38125,37916,32034,31888,32407,15892,15609,16864,22065,19428,20290,17934,15732,14564,11926,6310,–,†,–,–,44058,48888,49463,51876,52267,53875,52325,51091,51276,50643,49986,50639,50266,49027,48182,46666,45781,48064,46373,46900,48324,46450,45038,44191,43340,46140,46695,46972,46569,48112,49206,49578,50518,50987,53450,54761,54401,54028,52552,52207,52066,52440,51907,50917,53416,52504,51999,51865,51967,51128,49086,51179,51964,48209,47250,45866,46083,48635,50422,50976,52447,53831,54536,55793,49479,51602,52609,53439,51484,51296,51269,50855,50541,51472,51459,50638,48136,47483,46957,47048,47247,50843,48829,50308,50882,47697,45845,46173,46151,49824,48853,48865,49535,50263,51388,50334,51350,52291,52853,51771,49972,51215,51309,51279,53071,51933,51958,50955,48136,47483,46957,47048,47247,51847,49246,50479,49716,54703,56613,55697,57522,49241,49006,49131,49515,50576,49491,48705
LOUISIANA,715135,716293,718711,716800,711491,710903,703390,696558,690915,684873,681038,675851,654526,724281,727709,730464,731328,743089,756579,768734,776813,793296,797366,797933,800560,797985,794128,784757,783025,786683,793093,795188,435129,437974,437690,436614,436675,433343,428333,426673,422989,419856,414290,405817,452898,456574,458197,464209,470126,466950,470707,474287,200976,200087,198577,194791,188181,186111,184588,184292,181032,180660,181489,183735,172444,190530,191319,192902,193536,194653,205282,205393,207966,55835,56267,54294,54030,56770,57434,58304,58778,59998,57165,56201,51624,53121,61940,59928,60269,62290,63884,57735,57476,57485,59082,61315,62461,60077,61125,62152,61077,61886,63614,62411,62325,27491,27974,28444,28200,29319,29426,29422,29657,29447,28564,26631,24022,23328,23467,23187,21858,17199,16210,16818,16486,15442,20066,19440,19292,12857,11439,8916,7324,6659,1235,1305,1287,53070,53103,53716,56119,57377,58691,56037,54276,53763,52660,53062,53804,52937,57386,56629,55020,53323,55293,56021,58922,60679,61170,61323,60705,61133,61244,64474,65305,64337,67051,70222,68146,54585,55067,57820,59425,59386,58085,56214,55750,55612,55967,56149,56629,53617,58425,57028,56016,58309,60404,63106,62808,63503,64136,63719,63448,63742,66533,68376,66649,67802,71130,71582,73190,53478,56039,57548,57663,55212,54765,54202,53975,54189,53820,54384,51728,49358,53697,53021,54879,56310,57956,58478,59447,59691,59025,59414,60476,61535,62791,61600,61544,62923,64420,66241,66232,55396,56546,57021,54758,53429,53691,53607,53842,53922,54131,51956,50553,48451,53417,55554,56622,57534,58571,58718,58493,57936,58244,59552,61849,61709,60739,61729,61972,62447,64873,64517,63106
MAINE,180473,180512,181613,182470,183995,185739,188969,189077,189225,192935,196245,193986,195498,198820,202084,204337,205586,207037,209253,211051,212579,213593,213569,212601,216995,216453,216400,215149,213775,212902,211817,211752,106851,107109,107797,108616,109307,111354,110863,111159,112956,114397,116014,117831,120841,123589,124742,127050,129371,131629,133567,135272,55536,55574,56273,56361,56924,57815,58923,60148,60579,63611,65503,61648,62007,62545,62659,61873,61067,60782,59860,58917,58543,13343,13561,13311,13488,13550,13345,13533,13728,13769,13860,14238,14192,14198,14439,14841,15194,15883,16121,16530,16587,16834,16621,17419,17397,17237,17154,16860,16589,15906,15693,15165,14695,5617,5437,5396,5038,5004,4890,5048,4247,3783,2893,2635,2323,1894,1747,1797,1525,1333,1062,1101,1078,969,828,821,1006,1036,1273,1503,1801,1925,1761,1620,889,12586,12650,12835,13274,13451,13727,13644,13819,13704,13475,13710,14001,13766,13687,14021,13731,13709,13769,14274,14745,15543,15864,16826,16569,17536,17367,18625,19107,18798,17394,16988,17040,12569,12661,13057,13263,13562,13449,13826,13647,13451,13567,13713,13953,13698,14184,14117,14133,14243,14560,15296,16046,16433,17116,17250,17524,16995,17914,18273,18081,17988,18704,18227,17463,12688,13102,13175,13473,13354,13575,13714,13405,13372,13813,13842,13767,13935,13985,14073,14120,14374,15079,15716,15918,16550,16601,17003,16583,17637,17711,17609,17389,16958,16609,15792,15665,13246,13249,13500,13332,13493,13628,13457,13420,13653,13812,13793,14137,13964,14173,14350,14531,15038,15754,15950,16380,16596,16826,16568,17351,17514,17360,17263,16866,16523,15759,15496,15230
MARYLAND,893684,886221,879601,874514,866169,859638,854086,852211,848412,843861,845700,851640,860020,865561,869113,866743,860640,852920,846582,841671,830744,818583,805544,790938,772638,751850,736238,715176,698806,688947,683797,675747,535023,530541,523857,515221,506235,500639,496075,491731,489122,489845,497258,507494,519199,526636,530603,531432,530097,527889,525146,514894,259893,255781,253096,254072,253589,256836,259870,264055,266627,267388,269221,272575,271449,268144,260526,253506,246807,240843,236400,231534,221995,70330,69182,66910,65382,64629,63703,63118,60765,61183,59512,60281,61045,62347,63776,65119,65824,67448,69279,69077,67230,64763,63693,62207,61982,61199,60287,59493,57228,55009,52046,49555,48378,30422,30945,31034,30385,29811,29671,28850,29377,28626,26821,27179,25674,24219,23380,21391,20569,20314,20031,19285,20013,19739,19639,19092,18834,17984,16081,15567,14360,12238,10882,10032,9361,64045,64472,64930,66200,67548,66896,64727,62704,61428,60530,59455,56133,56858,54838,55485,56577,56384,56073,56942,57813,60385,61856,63232,62341,60378,59641,57658,56617,54709,53667,53146,50505,66082,66290,67511,69065,68373,66274,64300,63635,62691,61447,58611,59586,58661,60854,62341,62602,62917,63751,65006,66761,67742,68645,67348,65377,64504,62608,62664,61911,61668,61032,58466,55915,66879,68059,69319,68555,66320,64595,63976,63086,62079,59409,60105,58630,60342,61152,61767,62737,63955,65339,66746,67387,67998,66645,65055,64160,62421,61983,61405,60252,59067,56492,54096,51196,68516,69776,68779,66621,64855,64272,63421,62640,60064,60620,58906,60287,61064,62144,63195,64510,65172,65834,67048,68479,66482,64728,63940,62270,62141,61199,60608,59120,56650,54629,51826,48875
MASSACHUSETTS,964791,964514,964026,955844,955739,954773,953369,955563,957053,958910,962958,968661,971909,975574,980459,982989,973140,975150,971425,962317,949006,933898,915007,893727,877726,859948,846155,834314,825588,823428,825320,833918,570604,571237,569677,569089,568277,569243,570283,569489,570479,572523,576604,582539,590537,599893,608923,610264,611990,612594,609793,600322,296376,295336,294897,288934,287478,287506,287055,289161,290502,292372,296032,298033,296511,293399,288329,281939,273644,272575,265174,257693,252519,72620,72481,70892,69922,70862,70952,70404,71140,71078,70666,71443,70752,71410,72818,73478,75165,76597,78287,79385,77943,75586,73659,71800,71131,69111,66822,65960,64246,62561,60342,58163,57235,30684,29633,29297,28375,28189,28245,28116,27747,27871,26796,25853,24875,24617,23281,22533,22803,20666,19938,19539,18884,18226,15695,14792,13982,13178,10722,9491,7567,6819,6017,4783,3702,66122,66249,66142,67670,69853,69669,67956,67496,68369,68540,67900,68585,68242,68357,69704,69324,68565,70647,70029,71390,73125,76519,79163,77777,76494,75159,72974,73481,70464,69572,67138,66595,68195,68327,69781,71574,71911,70629,69906,70973,70941,70492,71067,71497,71554,72840,72667,73663,75103,70599,76926,78873,79785,81375,79565,77583,76002,74381,74646,73231,71595,70859,69099,67360,68491,70079,71771,71669,70323,69549,70561,70797,70025,70552,70786,70448,71604,71403,71840,73550,73435,75839,76928,78112,79534,77953,75647,73836,72068,71848,69876,67497,66972,64884,62640,60682,70416,72167,72032,70470,69700,70673,70826,70312,70700,70935,70497,71534,70934,71578,73614,74167,75379,77269,78067,79612,77849,75468,73380,71606,71381,69175,66903,66331,64588,62404,59939,58117
MICHIGAN,1516398,1528666,1536231,1537922,1548841,1555370,1573537,1587067,1649082,1659921,1692739,1722656,1742282,1751290,1757604,1785160,1730668,1720626,1725639,1720287,1702717,1685714,1641456,1614784,1599377,1603610,1593561,1584431,1576785,1582785,1589287,1597154,880590,887682,898924,910594,914737,920586,929231,948457,952522,970882,988805,1008809,1028824,1045762,1065655,1055897,1053309,1024597,1024045,1015901,477301,479976,482540,484956,487518,492272,500042,508868,529531,535452,549291,539517,538642,525196,514701,517152,497159,486726,454253,448867,441403,107959,111742,111267,110135,113420,112068,112465,115722,118702,117432,118931,120173,121830,125319,127659,131504,131673,134163,133215,127655,123229,127113,122266,123829,120049,118963,119315,117560,116261,113656,110254,107851,44258,48416,48961,44607,40660,36769,37020,28187,29850,29772,27207,26192,25009,20360,21724,24751,16562,15318,24574,23782,22468,16870,8870,4409,11704,10541,11157,10785,10661,9549,4128,8448,116636,115715,113090,105582,106166,107986,107852,112835,126313,124451,125592,129676,131886,131141,130527,130891,125197,126661,128059,131021,133202,137096,141238,136353,132658,135457,137370,141656,140356,138772,139622,135089,105819,104619,106061,109025,113323,113035,112451,116028,116606,115950,120898,123218,123620,124663,124238,125625,127056,129019,130947,133023,137352,142124,134513,129951,130499,131010,133544,129986,128148,128366,126361,125573,103930,105309,107793,111952,111901,110939,113884,112653,115054,117821,119985,120310,121806,122038,122469,126116,127180,130128,129924,134126,136096,132706,125809,125664,124979,127307,123332,121820,121373,119621,118541,116232,105399,107885,111558,111321,110437,113332,111984,112875,117622,118230,118480,120126,121190,122480,125417,128643,130384,131858,132547,134512,128797,127448,124197,123321,124837,121563,120342,119895,118338,117170,114723,111043
MINNESOTA,884944,875021,864384,857235,850973,845404,839738,838037,837053,836048,837578,840565,839243,838503,842854,846891,851384,854340,854034,856455,853621,847204,835166,821693,810233,793724,773571,756374,739553,726950,721481,711134,524829,519641,514730,509390,502923,496843,492597,487617,484680,485245,485414,486194,488617,493843,498907,505000,509503,512177,516580,516654,270468,267937,265709,263074,261409,262041,264194,268074,272392,275864,279398,282120,281486,280056,278805,279190,278356,276574,273671,269736,265896,67226,67087,65362,63781,63979,62523,60917,61627,60640,59822,59431,59257,58563,59338,60045,61634,62580,63334,64934,64101,63494,63024,64545,64605,63194,62606,62111,61026,58846,55459,52761,50287,22692,18960,15443,14977,14556,14695,14568,14405,13933,13522,12795,12319,11633,11173,10876,10037,9671,9300,9234,9116,8945,8902,8340,8060,6656,6394,5549,7171,7347,5827,5693,6008,64111,63295,63591,64454,65618,65745,64133,62961,63111,61982,60140,60712,59666,58657,59330,58757,58357,58963,58952,61023,62126,62383,63896,62908,62345,61966,63500,64264,61916,61442,62391,60893,63518,63819,64685,65776,65960,64520,63117,63218,61983,60228,61234,60338,59400,58523,58055,57617,58353,59417,60984,62038,62339,64508,63268,62446,62208,63609,63958,62462,62320,62115,61291,59063,64385,65247,66206,66117,64575,63357,63340,62116,60407,61090,60204,59468,58602,58093,57610,58276,59324,60882,61957,62358,64122,63465,62511,61956,63724,63793,61871,61467,61051,59960,57906,54315,65710,66846,66596,64843,63654,63659,62311,60648,61343,60406,59723,59017,58728,58048,58720,59644,61292,62312,62842,64678,63628,63203,62564,63873,64244,62713,61875,61664,60403,58329,55082,52093
MISSISSIPPI,478321,483150,487200,490917,492586,493650,490619,490526,492481,491962,494122,495026,494954,495376,493540,492645,493507,497871,500716,502379,504792,503967,506272,505962,505907,506668,504127,502417,502020,503326,505550,498639,298563,301491,303333,304829,304011,303072,303722,304201,305584,306944,307988,308149,311121,312062,312950,314214,315770,316525,315087,314687,133244,134814,135375,134857,132568,133809,134158,136277,137511,136917,137033,134475,132192,129253,127333,126932,126361,128171,129342,130815,133301,38880,39282,36092,36620,36959,36663,37715,38295,39651,38159,37274,36873,36787,38311,38752,39615,39749,40177,40151,38471,38266,37315,38004,38606,39236,39839,40953,41820,41200,39849,39223,40102,5732,5361,4867,4409,4329,4026,3842,3447,3607,3106,2805,2685,2488,2623,2208,1975,1805,1682,1549,1548,1289,1052,1083,1146,2197,818,732,997,379,172,154,110,35988,36652,37573,40543,41948,43208,41048,38923,39148,38511,38662,39617,40346,39547,38340,36845,36931,37373,37906,39509,39378,39459,39632,38528,37622,36423,36569,37568,36990,37653,37766,33418,36391,37449,40236,41710,42925,40851,39291,39740,38903,39327,40719,41527,40443,39967,39300,39598,40483,41465,43318,43366,43764,43401,42510,41762,40553,41603,42435,42762,43904,45268,46425,46900,36409,38922,40341,41014,39096,38001,38456,37607,38512,39174,39977,38636,37598,37520,37396,38302,38926,40169,40396,41017,40774,39406,39015,37940,38640,39222,39574,40357,41772,42369,42079,40521,37952,39728,40845,38084,37301,37735,37067,38157,38833,39768,38302,37289,36830,37004,38053,38573,39748,40176,40462,40376,38716,38145,37304,38135,38589,39189,39662,40998,41620,41239,39859,39123
MISSOURI,915472,915040,919234,917785,918288,917900,916584,918710,917982,917871,917188,920353,917705,905449,905941,906499,909792,912744,914110,913494,910613,900517,889881,878541,866378,859357,842965,816558,807934,806639,802060,800606,549447,549399,548958,547877,546068,545581,545120,543482,542286,541741,545475,549073,550737,553887,557819,556027,556378,559158,559654,554625,266775,267733,269349,268921,269227,270370,271208,275719,279900,282460,285442,286078,282563,276782,273466,271262,265810,265356,262807,259990,258082,70749,70736,69134,68210,67908,67493,67274,68313,68730,67620,67996,66268,66215,66284,66927,69697,71928,71208,70359,69262,67790,67533,68159,68457,66445,67098,64324,63904,64933,63098,61263,58984,33054,31808,33360,31153,30339,29684,29931,28495,25584,25435,22691,20927,17848,13602,11215,10668,18515,17980,18181,16584,16384,16156,16225,16002,13950,18948,15561,–,–,†,–,–,66010,66052,67126,68753,70845,71778,69864,69376,69016,67690,67314,67873,68221,64328,66509,64750,64104,63634,64608,67374,71575,69215,68513,66607,65679,65108,66072,66154,64627,65867,62141,62575,66399,67198,68894,70883,71555,70072,69325,68974,68133,67710,68262,68750,67706,67175,65711,65409,64975,66043,68807,72577,71536,70875,69659,67874,67707,68905,69005,67283,68509,65599,65757,65801,67231,68602,70334,70752,69250,68570,68320,67818,67357,67938,68127,67361,67354,65315,65061,65106,65722,68355,71642,70905,70179,69008,67080,66607,67595,67604,65789,66415,63596,63562,64455,62393,69041,70499,70544,69073,68316,68043,67473,67296,68045,68391,67334,67685,65726,65343,65507,66352,69032,71586,70898,70204,68958,67320,66928,67802,67969,65892,66616,63715,63849,64499,62849,60345
MONTANA,149474,146375,145319,144532,144129,142908,142349,141693,141807,141899,142823,144418,145416,146705,148356,149995,151947,154875,157556,159988,162335,164627,165547,164341,163009,160011,155779,152974,151265,152191,152207,153327,91593,90837,89805,88513,87789,86553,86025,85699,85104,85165,85685,86477,87415,89103,90397,91966,94354,96406,97909,99668,43399,42038,41822,41816,42138,42089,42624,43202,43939,45030,46448,47340,47562,47906,48092,48727,49151,49565,49965,50348,50288,11971,11687,11659,11044,11028,10861,10739,10751,10499,10558,10503,10311,10527,10440,10779,10931,11602,11682,12046,11808,12165,12479,12899,13009,12967,12839,12533,12438,12136,11724,11734,11684,2321,1066,1158,1229,1440,1321,1475,1351,1209,963,539,794,798,759,664,665,506,537,498,515,484,500,519,483,483,554,437,533,293,268,96,138,11702,11678,11502,11682,12038,11709,11697,11115,10960,10802,10601,10409,10300,10206,10147,9899,10069,10129,10335,10848,11553,11757,12214,11820,12021,11894,11995,12326,12183,12583,12720,12923,11407,11149,11526,11901,11611,11678,11013,11066,10848,10742,10670,10603,10559,10481,10295,10508,10558,10959,11401,12002,12092,12706,12519,12852,12779,13156,13199,13236,13052,13491,13272,13422,11144,11546,11833,11545,11570,11031,11015,10813,10691,10571,10393,10429,10307,10096,10319,10267,10531,10946,11597,11580,12030,11916,12279,12391,12715,12679,12548,12345,12478,12550,12637,12127,11559,11990,11583,11578,11047,11036,10825,10693,10707,10398,10454,10468,10226,10370,10416,10630,10915,11597,11615,11969,11866,12317,12535,12845,12894,12801,12428,12372,12334,12272,11801,11928
NEBRASKA,323766,319194,316014,312635,307677,303505,301296,298500,295368,292590,291244,287580,286646,285761,285542,285402,285095,286199,288261,291140,292681,291967,289744,287100,285097,282414,279552,274081,270920,269434,268100,267139,187301,185325,183467,180640,179506,176802,174225,171329,169076,167416,166756,166704,167497,168778,169182,169355,170376,171807,174014,175734,94935,93143,91650,89964,88555,88073,87792,88208,88508,89678,91149,91811,91591,90945,90125,90289,90442,90713,91247,91386,90997,24169,22378,23366,22921,23097,22583,22279,21901,21517,20939,20519,20338,20290,20429,20480,20874,21160,21357,21969,21378,21168,21440,21886,22144,22391,22133,22460,22507,21927,20746,20057,19799,17513,16467,15665,15253,14457,13831,12907,12656,11954,11046,10091,6933,6463,6114,5920,5491,5064,4900,4631,4595,4514,4104,3853,3985,3577,3134,2797,2062,1917,1509,1478,1487,23232,22283,23374,23951,24025,22095,23795,23411,23577,22790,22588,22080,21888,21205,20719,20440,20234,20210,20576,21145,21436,21874,22282,21752,21374,21873,22218,22751,22834,22838,23255,23355,22892,23400,23835,23892,21980,23331,22951,23134,22483,22151,21760,21452,20955,20572,20249,20217,20127,20384,20722,21198,21646,22224,21748,21275,21429,21977,22526,22655,22514,23002,23188,22859,23559,24019,23914,22112,23249,22836,23099,22390,22088,21695,21367,20880,20422,20220,20145,20102,20091,20647,21011,21445,22048,21443,21082,21223,21770,22112,22236,22051,22292,22465,22052,21000,24173,24026,22229,23394,22911,23057,22428,22150,21831,21391,20844,20449,20254,20252,20279,20326,20679,20985,21385,22023,21342,21158,21210,21705,22097,22244,22170,22297,22379,21904,20714,20094
NEVADA,485785,473744,467527,459189,451831,445707,439634,437149,428947,433371,429362,424766,412395,400083,385401,369498,356814,340706,325610,311061,296621,282131,265041,250747,235800,222974,211810,201316,186834,176474,168353,161239,293071,289732,284442,278662,273430,270807,269773,269058,272468,271876,267211,262221,255458,248787,240480,232794,221686,211728,202470,192460,141950,139723,136906,134640,132564,131953,130252,129831,123420,125034,121752,121779,116375,111314,104650,98538,94323,89966,85966,81767,77801,38624,38160,36474,34993,33827,33462,33608,34047,33664,34099,33760,32711,32222,31950,30653,29953,29676,28616,27660,25629,23936,22597,21784,20573,19305,18487,17886,16985,15603,13969,12771,12135,8908,5426,5554,5230,4707,4599,4408,4444,3953,3393,2834,2937,2812,2894,2778,2480,2147,1888,2043,2140,1902,1868,1631,1424,1237,1038,795,421,="0",="0",="0",–,35083,34626,34495,33942,35073,35008,33502,32454,32038,32188,31682,31746,29978,29877,28596,27287,26877,26445,25163,23986,23809,22875,22074,20462,19179,17839,17479,16737,15408,14546,13859,13202,36354,35868,36054,37162,37162,35429,34405,33809,33759,34358,34564,33938,33338,32258,30595,29735,29617,28411,27421,27167,26377,25398,23301,21827,20487,19741,19044,18249,17408,16391,15550,14511,36375,36178,37483,37305,35414,34266,33644,33492,33698,34391,34159,33946,32560,31338,30518,30069,29098,28123,27723,27001,26083,24090,22368,21062,20202,19062,18356,17866,16541,15395,14246,13022,36959,37853,37745,35669,34491,33557,33316,33600,33935,34185,34144,33278,31971,31333,31175,29810,29178,28693,27807,26734,24963,23154,21752,20941,19725,18731,18101,17399,15997,14804,13303,12280
NEW HAMPSHIRE,179433,180888,182425,184670,186310,188974,191900,194711,197140,197934,200772,203572,205767,206852,207417,207671,206847,208461,206783,204713,201629,198308,194171,189319,185360,181247,177138,172785,171696,169413,166045,163717,108207,109370,110626,111854,113017,114489,116509,117812,119193,121256,123282,125158,127173,129331,131382,132429,135299,135527,135657,134206,56773,57280,58107,58807,59377,60805,62268,63135,64372,64939,66413,67384,67112,66535,65325,63988,62286,61254,59868,57924,56301,13456,13644,13639,13590,13953,13907,14190,14294,14560,14613,15026,15080,15151,15501,15810,15939,16612,16852,17275,16959,16688,16643,16275,16352,15630,15611,15117,14594,13826,13069,12215,11631,3907,3965,3743,3639,3464,3260,3228,3097,2987,2834,2614,2531,2525,2360,2221,1923,1830,1879,1711,1586,1577,1535,1357,1210,1292,1005,850,696,738,†,–,–,11419,11430,11192,11580,11615,11892,11915,11970,11969,10968,10489,10375,10360,10116,9989,9757,9599,9188,9048,8831,8763,8569,8859,8325,8194,7994,7793,7467,7338,7364,5991,5812,12745,12460,12947,13219,13524,13692,13680,14120,14165,14444,14625,14848,14943,15269,15364,15548,15875,16337,16676,17388,17514,18322,17973,18014,18156,18241,18580,18451,18800,18635,18085,17054,12514,12907,13195,13422,13519,13531,13859,13913,14215,14239,14436,14618,14941,14978,14951,15319,15563,15929,16505,16520,17087,16744,16601,16411,16038,16262,15490,15515,15209,14778,13457,12601,13003,13325,13470,13576,13563,13861,13902,14187,14246,14475,14624,14953,14985,15021,15403,15748,15776,16720,16685,17152,16883,16620,16566,16185,16237,15523,15404,15043,14629,13749,12626,12028
NEW JERSEY,1408102,1410421,1408845,1400579,1370295,1372203,1356431,1402548,1396029,1381420,1382348,1388850,1395602,1393347,1380753,1367438,1341656,1313405,1289256,1268996,1250276,1227832,1197381,1174206,1151307,1130560,1109796,1089646,1076005,1080871,1092982,1107467,794477,790025,792613,792008,788168,783107,794568,802749,795554,794703,800060,806925,813471,811469,812176,804356,792026,779208,759641,750044,402894,402880,402208,401874,399391,400875,394133,405143,412848,409500,411332,408143,407314,400085,382910,369109,349406,322555,312631,307945,306327,99443,101704,98565,97428,98832,98152,96459,98641,99911,99242,98195,98149,98565,100557,99937,101577,101038,100837,100361,97881,94806,91665,88686,87374,84767,82909,82100,80288,79060,78262,76156,75927,64351,62149,63284,55106,36024,35128,36581,53564,33937,30746,28540,27952,26794,25211,22746,21590,19751,15183,14194,10560,10220,9737,9301,10283,9225,9123,8261,6998,6531,6195,6320,6054,91077,91197,91870,92560,92017,94830,90955,92413,95251,93504,91115,93043,93151,93157,93201,91189,89533,89912,89520,90689,92171,92831,93978,92316,90827,87427,85469,83551,80391,79662,78991,78251,94920,95812,97311,99656,100557,98464,96939,99976,100792,98778,99939,100564,101040,101135,99969,99441,100691,100151,101868,101808,103003,104581,102521,99907,96030,94138,92344,89942,88564,87426,85932,84901,95253,98025,99079,100517,98842,97499,98784,98791,98370,98907,98492,99209,99236,99019,98078,99600,98632,100013,99708,100091,100961,99550,95581,92142,89592,87756,85483,83650,82757,80904,80647,79591,98425,100139,100429,98760,97686,98305,97569,97716,100138,99123,98873,98928,98810,99026,100088,99972,101065,100412,100808,100289,98719,95697,91352,89159,87454,84855,83101,82307,80226,79521,78772,76200
NEW MEXICO,334345,336263,335694,340365,339244,338220,337225,338122,334419,330245,329040,328220,326758,326102,323066,320234,320260,320306,324495,328753,331673,332632,329640,327248,322292,315668,308667,301881,296057,292425,287229,281943,204676,205691,206441,206295,205807,204875,204677,201671,199370,198544,198571,198342,197954,198420,198330,199400,199724,202908,205794,207116,98506,99856,96798,99260,97716,97242,97744,98777,99076,98830,99322,98129,97206,98202,97034,95737,95224,95427,95903,96268,96080,26363,26358,25681,25641,25597,25474,25703,25955,25358,25119,24452,24311,23987,23880,24382,24995,25163,25493,25573,25701,25521,25029,24200,24294,24182,24447,23829,23323,22829,21602,21293,20628,9689,7430,8509,8004,7865,7509,7652,7980,7406,6365,5378,5852,6070,5322,3976,3529,3499,3090,3127,2932,4131,3894,3426,4174,1933,2072,1231,1406,–,†,="0",–,23709,24301,24696,26660,27368,27662,26954,26688,26266,25680,25796,25668,25140,24624,23636,22638,22137,22065,22557,23759,24346,24324,24329,24055,23723,23723,23276,23280,23239,23587,23411,23108,24166,24703,26487,27194,27504,26932,26643,26660,26165,26085,26044,25776,25485,24670,24165,23706,23937,24201,25349,26101,26715,26283,26152,25770,26035,25693,25868,25404,26005,25906,25364,24880,24309,26112,26702,26922,26251,26208,26175,26087,25985,25858,25441,25351,24470,24022,23518,23550,23897,24577,25276,25935,25996,25132,24703,24912,24975,24938,24546,24694,24386,24089,23560,22337,25880,26528,26449,25900,25779,25818,25639,25906,25781,25275,25107,24673,24166,23596,23769,24012,24810,24984,25732,25677,25756,24163,24395,24554,24605,24319,24482,23817,23631,23180,21726,21405
NEW YORK,2724663,2729776,2711626,2741185,2732770,2710703,2704718,2734955,2766052,2740592,2765435,2809649,2815581,2836337,2864775,2888233,2872132,2882188,2887776,2877143,2861823,2843131,2813230,2766208,2733813,2689686,2643993,2598337,2565841,2573715,2594070,2607719,1603446,1601015,1607983,1607001,1601541,1595807,1609766,1550122,1552130,1571259,1596900,1626722,1662931,1681670,1712691,1717579,1718478,1717122,1705145,1691688,820564,818799,820402,827493,820326,825972,831712,851829,858087,839837,852342,857753,851404,840949,820478,802393,790657,782021,781175,774469,776218,202149,203159,199866,197545,196988,198361,196082,198720,193473,190067,191647,192095,196279,202267,206912,212414,214283,217881,219305,214629,210379,205572,203089,202024,198259,197698,194841,190245,186493,183779,181309,178888,65558,65600,50430,57353,48968,48712,49569,51649,51251,50758,48561,44649,40519,39801,41456,41752,40212,39062,37613,38196,32086,31566,32087,32227,31687,31290,30025,29187,28172,25005,20821,18783,193045,194163,198024,200507,201930,202670,197458,194607,190741,187194,184672,186373,189924,188633,188638,189198,190402,194673,199271,202894,206548,210795,216112,212239,205238,201674,197128,193972,187957,185771,183910,181664,197155,199955,203164,207101,209128,205963,199702,202889,197592,194363,196537,200298,199641,203159,201645,207994,211673,217654,222383,225811,229133,235237,231136,225269,220578,217819,217128,213664,212789,211203,207689,204405,198490,202245,204628,206727,203908,199600,199594,201820,192032,193043,196094,194190,196759,198215,201482,207897,212597,216309,219688,222656,227572,223231,218744,212486,209649,207369,202847,201601,198582,194350,192401,187764,200783,202909,203473,201590,198174,199088,199611,198573,191006,193033,191144,194135,195922,202014,205635,213138,215471,218270,222190,224581,219229,214604,209174,205740,204260,200162,198973,195150,190267,186854,183326,181399
NORTH CAROLINA,1553513,1550062,1544934,1548895,1530857,1518465,1507864,1490605,1483397,1488645,1489492,1444481,1416436,1385754,1360209,1335954,1315363,1293638,1275925,1254821,1236083,1210108,1183090,1156767,1133231,1114083,1097598,1086871,1080744,1083156,1085976,1085248,947000,945647,941088,936407,928372,922516,918327,921621,916966,934399,892023,876442,861519,852997,848814,843873,835653,824372,810543,795088,470877,468113,462874,454963,441263,438375,433801,432196,429596,429719,417168,417414,413318,400014,386190,371987,359398,348168,341200,333983,329647,122866,122411,118617,115539,108034,116264,116325,118617,116876,114909,115076,108731,105392,104337,105411,103726,106093,105105,104658,102456,98688,94840,90795,89492,85989,85244,85288,83652,83168,81174,79536,79686,18734,18782,18565,31550,30978,30329,33603,23510,26688,24678,16927,16601,9847,12468,11686,10310,9320,8722,8515,7610,8195,8535,9013,8949,8469,6119,3925,3050,1929,1540,833,778,115064,114414,116324,119730,122209,121389,117944,115782,104954,117282,120998,118443,116829,111753,109336,104843,102772,101049,101816,102603,102951,102435,100525,97508,93406,89809,88324,88176,86204,84798,84705,81093,115584,117638,121718,123446,123140,120038,117693,108078,118565,118968,124701,119653,114554,111489,107376,105364,105074,106296,107314,107679,107437,105756,101945,97339,92701,90942,90920,88598,87934,87610,85622,86020,117037,120924,122451,122064,119088,116691,107431,117107,117054,119644,122148,113975,110707,105683,103063,102790,104147,104297,105677,105581,104724,102288,96229,91560,89371,88543,86560,85335,84526,82867,82943,80915,121228,122483,121971,118227,115962,107832,117034,117747,120190,118931,118726,112003,107336,104054,103725,106244,105116,106105,105888,104907,102937,98400,92552,90471,90875,88051,85738,85200,83792,83087,81002,79583
NORTH DAKOTA,111920,109706,108644,106586,103947,101111,97646,96323,95073,94728,95059,96670,98283,100513,102233,104225,106047,109201,112751,114927,118572,120123,119100,119288,119127,118734,118376,117825,117816,118809,119004,118703,67741,66827,65071,62651,60569,57946,57057,55819,55476,55853,56768,58007,59390,60227,61303,62674,64574,66761,68335,71244,30889,30457,30675,30421,30420,30116,29758,30288,30497,30773,31567,32275,32645,33391,34363,35136,35593,36780,37783,38001,38242,8781,8678,8435,7995,7824,7380,7028,6974,6547,6812,6935,6931,7016,7069,7219,7567,7759,7982,8135,8416,8678,8736,9017,9236,9266,9570,9575,9614,9352,9202,9189,9243,2778,2665,2213,2063,2054,1848,1706,1529,1285,1262,909,977,1052,1089,752,773,721,701,647,671,713,619,551,639,615,640,657,691,682,633,530,609,9273,8843,8929,9031,8822,8578,8236,7449,7472,7217,6730,6650,6579,6643,6891,7013,7059,7146,7560,7920,8373,8464,8573,8677,8752,8847,9273,9547,9510,10292,10193,10126,8739,8723,9056,8904,8608,8367,7521,7484,7149,6746,6828,6704,6907,7116,7139,7225,7195,7610,7999,8247,8548,8788,8824,8893,8990,9244,9682,9631,10307,10497,10581,10438,8713,8847,8873,8645,8405,7710,7490,7197,6727,6750,6511,6747,6918,6958,7053,7042,7271,7646,7895,8117,8442,8702,8678,8634,8969,9294,9286,9747,9861,9963,9801,9625,8876,8761,8669,8422,7857,7725,7229,6915,6841,6539,6787,6910,6915,7044,7041,7211,7649,7748,8040,8187,8640,8698,8590,8966,9223,9262,9628,9659,9711,9475,9366,9344
OHIO,1704399,1710143,1716585,1724810,1724111,1729916,1740030,1754191,1764297,1817163,1827184,1836722,1839683,1840032,1845428,1838285,1830985,1835049,1836554,1842163,1847114,1844698,1836015,1814290,1807319,1795199,1783767,1771089,1764410,1778544,1793431,1793508,1031694,1037775,1044724,1049020,1051867,1056888,1062797,1064903,1071216,1077618,1088429,1095686,1106754,1118015,1124317,1129123,1133611,1133207,1134596,1133235,517145,519785,521595,519938,515611,518617,522804,531383,538951,577669,585862,583529,578352,572944,567226,554490,544353,541403,540104,541138,547865,128118,129706,127995,125215,128668,129295,130406,133202,133751,132680,132634,131258,131691,134442,136776,141120,140849,143373,142337,140467,138301,137737,138942,136834,136317,137839,140401,141402,140455,135733,130374,128943,38310,36148,33118,31135,28477,27558,29015,30047,29329,37873,32815,30774,29791,26119,26151,24990,23856,22988,23239,22373,20795,21389,18997,17505,17210,9900,12393,–,="0",†,†,–,123036,122516,124097,129013,131003,131874,131323,129964,131114,130405,130889,133990,135854,134215,134036,130996,121772,128640,130141,134981,137372,140234,141589,141284,140778,138911,142085,145294,138289,138736,141049,141923,123188,124598,128660,131559,132883,131637,130527,132638,132572,133326,136312,137582,136188,136365,134611,133905,137238,139802,144279,146068,148820,149391,148354,144280,143737,146679,149298,145857,147421,149861,151204,150467,123921,127317,130308,131235,129681,128867,129983,130425,131009,133983,133887,133257,133171,131410,131269,133990,135161,140025,140846,142894,143618,142298,140090,141064,140554,142053,137639,139197,141221,142038,141458,136708,131207,132576,132853,131439,128124,129079,129674,130593,133405,133687,132661,132892,131350,131752,134403,136047,140225,141308,142816,143048,141822,139260,138135,141329,140822,136143,138115,140432,140866,140143,136024,130136
OKLAHOMA,695092,693903,692878,688511,681848,673483,666120,659911,654802,645108,642065,639391,634739,629476,626160,624548,622139,623110,627032,628492,623681,620695,616393,609718,604076,597096,588263,579087,578580,580426,584212,593183,409754,409036,405206,402398,397470,393563,389362,384931,378557,375505,373381,372169,370720,370640,373025,374591,376559,380011,384199,385735,191296,189045,187118,184170,179811,176812,175383,175949,177366,176679,178400,178292,176683,175199,174652,174356,175124,176709,179387,179642,177929,52385,52289,50354,47577,49603,49274,48690,48519,48457,47245,46787,45369,44194,44372,44829,45662,47164,47064,47039,46750,46397,46526,47407,47929,48242,48793,48260,46615,45931,43540,43254,43781,41727,41249,41660,42218,42770,42154,42145,40688,39784,37726,35270,34378,33418,31803,30203,28120,25707,23475,20894,16787,2494,4600,5470,5367,5456,4859,3403,2555,2940,2967,2382,2495,51920,52194,53462,55134,54923,55115,53053,52114,51037,50497,49306,49362,48667,47152,46542,45050,43214,42979,43603,44664,54203,50387,48635,46355,44864,45010,45509,45904,46401,47326,48529,52321,52328,53916,55782,55812,56067,54039,53145,52420,52447,51545,51536,51739,51206,50685,49434,48598,49247,50038,51656,53868,54161,54554,54178,53654,53724,55354,55572,56049,56965,56649,54941,54596,51834,53165,53560,53444,51556,50660,50090,50070,49167,48681,48386,47605,46889,45295,44076,44392,44855,45785,47318,47543,47604,47182,46642,46476,47482,47987,48386,48564,48615,46787,46889,45908,53565,53818,54005,52337,49975,49840,49523,48899,48601,48065,47290,46759,45263,43924,44272,44830,45477,47008,47113,47327,46659,46451,46456,47234,47788,48350,48745,48164,46879,45532,44181,44540
OREGON,608014,578947,576407,601318,593000,587564,568208,570720,582839,575393,565586,562574,552194,552505,551273,554071,551480,546231,545033,542809,541346,537854,527914,521945,516611,510122,498614,472394,472394,461752,455895,449307,356642,353184,349455,345775,342833,342570,342553,342745,343010,341853,339141,338084,336226,336860,341611,341457,338900,338512,339682,339531,180324,180509,181598,179757,178595,178239,176898,178119,178388,179972,181719,181683,172185,175263,172375,171361,169117,166182,165730,162272,159559,46543,46094,44558,42942,42858,42401,42072,42924,43059,43272,42750,41754,42071,41298,40903,41704,42726,43436,43348,42784,41710,41373,41721,41739,41290,41443,40717,37106,37106,36978,35330,34941,27330,–,–,30461,25902,23850,7262,9392,21143,11855,1310,1147,1049,988,399,429,462,686,611,547,781,878,855,1069,837,771,1034,1254,1254,1285,1514,1617,41884,41796,41625,41645,42728,42642,41478,40656,40563,40556,39820,39572,39759,38997,38785,38204,38085,37739,37232,37530,38976,39829,39875,38930,37859,37519,37547,35715,35715,32246,30699,26878,43156,43117,43791,44932,44741,43438,42402,42508,42439,41976,42258,42294,42065,41319,40400,41163,41020,40208,40529,41912,42742,42819,41952,40710,40259,41015,40981,40492,40492,40413,38242,37519,43504,44379,45461,45078,43602,42436,42474,42322,41881,42530,42718,42063,41913,40474,40749,41016,40515,40632,41920,42764,42938,42299,40802,40348,40704,40879,40295,39201,39201,37137,35881,36440,44827,45985,45603,44061,42649,42532,42463,42013,42660,42954,42717,42297,41365,41199,40864,40837,41418,42253,42894,43005,42547,41405,40790,41248,41454,40985,40936,37717,37717,36374,36629,34954
PENNSYLVANIA,1726809,1727497,1717414,1743160,1755236,1763677,1771395,1793284,1785993,1775029,1801971,1871060,1830684,1828089,1821146,1816747,1821627,1814311,1816716,1816414,1815151,1804256,1787533,1764946,1744082,1717613,1692797,1667834,1655279,1659714,1668542,1674161,1053049,1047793,1058258,1063310,1063403,1061733,1064238,1055000,1053231,1069191,1080146,1089528,1100188,1111329,1119161,1130386,1129411,1121880,1122283,1118311,543865,543826,540546,549398,554067,557464,565203,582442,584316,579521,595727,648688,600857,590332,582624,571910,563698,550652,541172,535400,535069,134060,133723,130671,129927,132216,131315,129845,132497,132213,130592,129837,129546,131236,133418,135765,138365,140722,142366,141459,139387,138585,136710,137850,135061,131575,131248,128877,125666,122701,119150,114588,112088,8498,7859,8201,8106,8499,10109,12887,16294,15239,13686,12490,10953,8790,7154,2588,2684,2537,2479,2620,2712,2979,3005,3502,3583,4181,4416,3108,2846,2445,†,†,–,121043,122763,120874,127398,129360,129624,128804,128120,128947,126197,122769,126821,127065,124435,118647,116332,118183,119318,122320,126155,129198,133608,134584,132132,131842,129233,130364,127628,122594,124878,124471,124171,126361,125819,127764,131517,133419,131691,129881,131170,128565,126458,130124,131653,130687,129233,127988,129502,132738,134814,138860,141973,146168,147895,146077,146636,145111,147186,143470,139099,139634,138286,136411,132931,126616,128865,131450,132683,131275,129861,131128,130253,127268,128895,130425,129695,127776,126492,128030,129779,132935,135850,137111,140305,141752,139897,139562,137635,138527,134933,130300,129628,128349,126748,123262,119948,129812,132987,132179,131137,129889,131638,130624,129292,130380,130488,130104,129005,127983,129400,131904,133952,137393,138337,140010,141360,139156,138776,136887,137533,134504,130909,129814,127986,126009,123106,118902,114179
RHODE ISLAND,142949,142150,142014,141959,142008,142481,142854,143793,145118,145342,147629,151612,153422,156498,159375,159205,158046,157347,156454,154785,153321,151324,149799,147487,145676,143798,142144,138813,135729,133585,134800,134690,86314,86796,86813,86006,84955,85516,85623,85821,86093,87549,90001,92602,96583,99034,100646,100850,98705,98113,97364,96551,44212,43279,42871,42892,43270,44672,45195,46059,46934,47359,48470,49616,49552,49458,48166,46661,45263,43616,42751,42113,41373,11003,11055,10900,10720,11037,10831,10827,10865,10188,9752,11028,11135,11484,11731,12429,12407,12717,12490,12578,12323,12083,11829,11596,11549,11603,11129,11122,10812,10418,9813,9449,9318,2477,2498,2450,2369,2242,2068,1979,2054,2109,1985,1770,1764,1688,1633,1473,1209,1229,1055,1047,811,629,666,531,469,465,498,369,364,336,358,303,372,10006,10059,9897,9885,10490,10786,10164,10057,10254,9905,9840,10231,9580,8824,10702,10689,10704,10521,11078,10907,11397,11366,10947,10701,11348,10883,10680,10559,10449,9979,10103,9834,10297,10231,10483,10795,10823,10429,10762,11070,10817,10728,10921,10429,10029,11661,11891,12076,11996,12527,12409,12846,12831,13177,13868,13721,13041,13227,13319,13511,12997,12733,12439,12081,10434,10490,10799,10946,10697,10737,10989,10745,10789,10914,10141,9871,11281,11408,11745,11790,12399,12064,12486,12466,12839,12390,12343,12154,11858,11654,11827,11272,11019,10734,10440,9999,10583,10891,11013,10808,10676,10968,10799,10755,10873,10097,9721,11173,11229,11580,11770,12475,12354,12372,12537,12746,12382,12136,12053,11707,11659,11687,11235,11101,10644,10336,9815,9452
SOUTH CAROLINA,777507,771250,763533,756523,745657,735998,727186,725838,723143,718113,712317,708021,701544,703736,699198,694389,676198,677411,666780,664600,659273,652816,645586,648725,643696,640464,627470,622112,616177,615774,614921,611629,466891,462710,457244,451301,444923,439773,436769,434084,431758,429440,425902,423621,430976,429651,431045,422158,428609,421121,421510,417234,224093,223322,220780,216723,211835,208648,207797,210257,211019,210511,207751,206748,203514,199472,198455,193962,189475,184185,183055,186742,186592,60890,60797,57740,55741,54672,54058,54157,55636,55671,53996,52715,51217,50408,51999,52715,54242,53831,54468,49323,53929,51992,50598,50860,51268,50357,51081,52206,51339,50891,49024,47256,46874,27006,25613,24654,24274,24295,23786,23551,24188,24425,23376,22812,22217,21604,20961,20107,20064,18510,17340,16330,9188,8699,8408,8067,7972,7244,7045,–,–,–,†,†,–,55598,55424,55389,58282,58226,58641,56065,54624,53615,52468,52314,53154,52805,52327,50985,49318,46055,47277,46274,47160,46748,47374,39964,46859,45490,44501,43587,43087,41490,41433,41725,41415,57183,57152,60275,60354,60401,58030,55995,55328,54538,54769,56172,55679,54068,53769,52555,51282,50527,52055,53410,54402,55479,49497,55944,54602,53676,54774,55470,55440,56007,56673,55612,55229,57012,60004,59994,60138,57286,55275,54373,53846,54158,55325,55127,53367,51842,51359,50539,51084,50303,52705,52860,53492,48638,53547,51837,50731,51226,51456,50654,50924,51168,50341,50052,48298,60334,60403,60325,57394,55331,54354,53730,54100,55491,55452,53607,52126,50845,51054,51634,52144,52553,53984,53616,49338,53744,51849,50451,51139,51457,50934,50951,51622,50880,50365,48256,46798
SOUTH DAKOTA,137823,136302,134253,133040,130890,130471,128016,126128,123713,126429,121606,121158,122012,122798,125537,130048,127542,128603,131037,132495,142443,143331,144685,143482,142825,134573,131576,129164,127329,126910,126817,125458,83779,82347,81184,79488,78186,76158,74913,73818,74536,72401,72275,72843,73461,74682,76074,76539,77771,79167,80586,86013,37945,37590,37242,37301,36639,37267,37487,38192,37968,38952,38182,38021,38482,38907,39522,40598,40479,40718,41400,41546,44300,10966,10866,10460,10366,9842,9657,9364,9140,9245,9234,8935,8866,8883,8862,9140,9519,9641,9583,9854,9931,10375,10668,10937,11116,11086,10645,10793,10707,10527,10137,9702,9565,3393,3290,3112,2787,2865,3117,2996,1974,1367,2626,1335,1248,1217,1173,2132,2255,1176,967,1139,654,924,1192,1475,1244,612,705,531,547,214,376,367,925,11720,11643,11552,11768,11898,11901,11375,11049,10560,10315,9688,9614,9470,9257,9201,11121,9075,8989,9171,9495,10465,10284,10609,10618,10574,10266,10451,10681,10667,10655,11165,11124,10432,10518,10582,10884,10855,10546,10326,9903,9518,9462,9073,9017,8960,8836,8869,8939,8844,9075,9448,9714,10265,10625,10700,10615,10818,10642,10768,10731,10837,11454,11312,11422,10494,10635,10809,10811,10446,10316,9787,9498,9234,9260,9031,8853,8781,8778,8818,8823,9035,9316,9528,9539,10382,10454,10365,10649,10908,10613,10477,10420,10779,10795,10853,10333,10655,10840,10811,10474,10310,9874,9531,9233,9062,9314,8941,8750,8806,8824,8762,9107,9347,9517,9509,9778,10395,10264,10675,10917,11068,10580,10465,10700,10695,10640,10251,9774
TENNESSEE,1001967,1001562,1001235,995475,993556,993496,999693,987422,972549,971950,964259,978368,953928,941091,936682,927608,924899,909161,916202,905454,893044,904818,893770,881425,866557,855231,833651,824595,819660,821580,823783,818073,605373,604802,606195,605311,603243,604964,596278,593417,591529,579042,587494,575580,573505,573095,571785,574689,570014,566148,565251,551780,291569,293535,291841,288408,283888,281971,286944,285715,285881,287401,282508,286397,277352,270211,261405,254271,250392,241038,251809,240872,239659,78085,78472,76904,75248,74401,74425,75146,75481,75052,75091,72454,71857,69773,70555,70446,71300,72714,73373,71433,71249,67196,67330,67705,67339,65646,65195,65776,64676,63539,63206,61272,61142,28379,27987,30352,25912,25756,27096,27982,28787,16506,16864,14937,12323,10190,8132,16786,15952,14856,13312,13047,12518,11784,11653,11168,10831,9542,9613,–,–,–,†,†,992,75482,74667,74240,74960,78601,81186,79803,76642,76745,76156,75289,77494,76449,74740,73202,70151,69429,70351,70814,71870,74912,74529,73962,71413,68462,64463,64183,63739,61767,62118,62046,61359,74633,74356,75126,78238,80082,79010,77853,76706,76356,76493,76327,78239,75683,74196,71581,71087,72221,72708,75793,75855,77627,77450,76015,73170,70638,71432,71789,70992,71367,72103,71358,67741,74145,74699,77501,78562,77373,75716,75660,74788,74825,75822,74612,75334,71978,69321,68746,69414,70244,71412,74049,73828,72040,71962,69266,66964,67305,66634,64974,64341,65686,64181,63160,63015,74844,77792,78550,77117,75382,74934,75220,74793,75705,75499,73836,73469,70181,69119,69911,69930,71436,72467,73005,73085,69187,69451,67326,67349,66952,65029,64362,65497,64234,63350,62962,61090
TEXAS,5401341,5360849,5301477,5233765,5153702,5077659,5000470,4935715,4850210,4752148,4674832,4599509,4525394,4405215,4331751,4259823,4163447,4059619,3991783,3945367,3891877,3828975,3748167,3677171,3608262,3541769,3464371,3382887,3328514,3283707,3236787,3209515,3215536,3188705,3150946,3102385,3048599,3007882,2963292,2911885,2859434,2800227,2754665,2710248,2645636,2614932,2580635,2543254,2503059,2466812,2440832,2407162,1548389,1525178,1492452,1450441,1411436,1387513,1363618,1349106,1329862,1305637,1300148,1279727,1257055,1220980,1199167,1180158,1147233,1116572,1095930,1077158,1059416,413843,411117,397085,390570,383586,378750,375756,374111,368175,355578,346491,340488,329969,324389,321788,321612,318842,313731,308232,301475,296894,294431,292191,291604,284394,282693,278636,274159,268064,255832,247433,245742,256222,248116,243496,241826,248150,250911,249524,249122,239030,224759,217751,212137,207967,204665,194150,183740,170101,145771,138235,136945,135616,133303,133754,128736,120446,113197,102371,92172,82711,77548,70739,62804,371638,372019,376824,390552,391731,390636,379446,374195,369433,362318,356706,352980,350124,333934,323502,315290,302859,294217,290806,290432,289683,285002,281708,272065,268646,262483,258597,257586,250752,251418,258953,248628,388650,395816,410000,412355,409446,396903,392291,387899,383572,379279,376003,372490,359221,345674,338727,329787,323133,320752,320102,318863,313192,312533,303928,300731,299513,300540,303173,299112,298351,295811,291838,291251,394381,408841,411307,408155,394449,389225,383411,379910,374560,371575,366821,353739,344611,334138,325943,320622,319249,316896,313688,309313,307106,299334,294298,290911,288258,289289,282566,279347,275020,271568,267937,259702,409998,412782,409407,396344,390023,382990,379421,375454,373653,368318,355365,346248,340654,326921,323373,321448,320083,316535,311133,307892,299984,295300,291993,289548,289284,282071,279476,274868,271049,266085,255260,249382
UTAH,668274,659801,647870,635577,625461,613279,598832,585552,571586,559778,576244,523386,508430,503607,495981,489262,484677,481485,480255,481176,482957,481812,477121,474675,471365,463870,456430,446652,438554,431119,423386,415994,407669,401436,394684,388573,381495,373611,366560,357434,347943,353180,323940,311404,305321,293799,290141,288112,284595,283824,283603,283693,193167,188588,184303,178910,174129,169077,164296,160573,158243,155309,165986,152114,150786,148162,142140,141839,142021,143721,146450,147857,149227,52970,52802,50918,49173,49041,48362,46758,46127,45610,44546,44748,40477,38635,37888,36064,35481,36411,35910,35921,35008,35306,34227,34598,34837,35467,35956,37215,36435,37301,36190,33159,35182,15904,15280,13838,13142,12373,12329,11972,10376,8225,9480,9487,3814,3933,9036,8598,7865,6883,6216,4281,4115,3806,3784,3455,3273,2690,2611,2212,1920,2792,1568,="0",–,47591,48264,48293,48841,50386,50378,48953,48043,47684,47046,47591,43518,42307,41088,39348,37872,36521,36039,34963,34529,35310,34882,34645,33750,33623,32652,33193,33166,33991,35242,37235,37466,49791,49951,50322,51417,51413,50171,48829,48770,48033,46348,47859,43978,42307,40897,38485,37361,37023,35873,35396,36336,36057,35848,34857,34790,33634,34113,34189,34741,35486,37350,37239,38813,50429,51045,51884,51483,50197,48872,48768,48122,46514,45763,46940,43045,41308,39185,37380,36882,35784,35291,36285,35901,35880,34914,34782,33734,34245,34335,34818,35265,36871,36625,37933,37007,51635,52473,52149,50413,49048,48926,48039,46753,45972,45278,45982,42200,39642,38265,36935,35921,35463,36298,35953,35988,35045,35088,33937,34515,34634,35127,35487,36903,36402,37498,36575,33551
VERMONT,88028,88428,87866,87311,88690,89624,89908,96858,91451,93625,94038,95399,96638,98352,99103,99978,101179,102049,104559,105120,105984,106341,105565,104533,102755,98558,97137,95762,94779,93381,92755,92112,48535,48722,49221,49575,50089,50525,51052,51133,52104,52379,53234,54532,55972,57627,58892,60443,61438,62892,63904,65190,24976,25573,26002,26338,27233,27557,27762,28869,29265,30631,30942,31659,31856,32195,32091,31807,31787,31624,31913,31522,30836,6236,6194,5975,6211,6159,6133,6158,6291,6237,6471,6490,6521,6549,6807,7049,7179,7468,7736,7965,8165,8029,8152,8287,8396,8457,8329,7996,7788,7429,7214,6989,6730,8818,8498,7279,5984,5667,5705,5559,10678,4837,4698,4556,4308,4061,3714,3027,2800,2567,2371,2491,2377,1222,1404,1111,1903,2024,1780,1577,681,480,†,–,281,5789,5822,5863,5768,6215,6273,6062,6259,6216,6192,6161,6198,6069,6249,6078,6342,6289,6511,6893,6976,7281,7530,7953,8040,7766,7978,8033,8087,8282,8238,7867,7196,5814,5832,5776,6194,6246,6096,6232,6213,6207,6229,6241,6206,6441,6452,6517,6474,6780,7051,7273,7584,7882,8256,8371,8176,8454,8513,8638,9014,8999,8562,8380,8131,5871,5766,6198,6191,6017,6269,6185,6171,6159,6229,6229,6394,6429,6521,6558,6748,7005,7166,7462,7739,8063,8255,8067,8183,8227,8309,8476,8379,8002,7801,7560,7276,5848,6231,6206,5963,6254,6196,6165,6214,6256,6243,6409,6477,6486,6550,6767,7024,7214,7445,7772,7932,8198,8060,8200,8224,8284,8465,8327,7983,7777,7472,7211,6992
VIRGINIA,1291462,1287026,1283590,1280381,1273825,1265419,1257883,1251440,1245340,1235795,1230857,1220440,1213616,1204739,1192092,1177229,1163091,1144915,1133994,1124022,1110815,1096093,1079854,1060809,1045471,1031925,1016204,998601,985346,982393,979417,975135,773615,772414,771091,767349,759657,753846,747726,741139,735090,732104,731650,732004,734088,733990,732676,727305,721485,705290,694419,686834,391435,389330,386781,382598,377252,375975,376658,379994,381320,380787,380413,378755,372317,365052,354832,345720,336897,329148,316757,308627,303531,99305,99258,96851,95200,95625,94005,93770,93965,93708,91133,90397,88527,88883,89742,90729,91186,91966,92073,90781,87278,83447,82571,82797,84103,81615,79821,78694,77165,75946,73540,70388,69422,33617,33281,33453,32839,33166,32852,31805,30821,30600,29987,28684,20391,19868,18376,16524,14507,14137,7263,5293,5161,4036,3917,3111,3115,3186,1976,1825,1609,1569,1610,1798,1462,91002,90800,90942,93758,96058,96935,95574,92899,92281,89931,89656,89644,89427,87223,86374,83270,82489,82585,83938,84154,85729,86542,87618,85160,81787,82456,84565,84583,82232,80731,78874,75204,94312,94000,96422,98996,99806,97267,95019,95368,93977,93277,93218,92847,91064,90215,87674,87434,87841,89072,88996,89967,90271,91234,89183,84678,84318,85065,85148,83834,81728,81510,79758,80288,94166,96570,98697,99443,97162,95231,95322,93687,93141,92909,92145,90467,89721,87445,87430,87975,88692,89287,89819,89326,89801,87710,83414,82663,83296,84426,79677,78924,78398,76780,75983,73265,96946,99022,99241,97046,95384,95405,93829,93328,93366,92668,90501,90042,87829,88264,88870,89766,90480,91217,90494,89857,87396,83443,82713,82990,84146,81508,79331,78461,77237,76531,73733,70095
WASHINGTON,1110367,1101711,1087030,1073638,1058936,1051694,1045453,1043788,1035347,1037018,1030247,1026774,1031985,1020005,1021349,1014798,1009200,1004770,1003714,998053,991235,974504,956572,938314,915952,896475,869327,839709,810232,790918,775755,761428,667327,656797,646445,637352,631305,627902,626183,619803,619968,615230,613168,614103,612265,617233,617922,619875,618553,619917,618726,614898,340375,339349,336808,333318,328068,327134,327269,329616,329960,332224,332840,331916,332503,324600,322101,317607,312943,310403,308964,302103,296744,87366,86114,82404,79721,78929,78244,77051,78546,78270,77999,76673,75695,74401,75151,75108,77053,78504,78505,79257,77372,75322,74697,75186,75299,73824,74098,72586,69715,66144,62240,58413,56847,15754,13933,13733,12663,11957,12466,12268,12056,11037,10995,10012,9082,12735,11921,11352,9802,8102,7283,6134,5901,6671,5353,5984,6155,5087,5075,3674,3285,3081,3078,2071,1996,80917,81102,79692,81212,81559,80789,78014,75933,74547,73831,72165,72608,72644,71219,70663,69467,68280,68531,68699,71323,72922,73577,73581,71637,68908,68562,68532,67654,65566,65647,64898,62897,82843,82224,83762,84132,83314,80494,78889,78598,77266,75937,76542,76336,75680,74553,73989,72482,73602,73521,75988,77761,77762,78077,75721,73594,72729,73869,73118,71848,71750,70615,68313,65789,83077,84872,85395,83986,80412,78904,78338,77707,75912,77385,76725,75929,75027,73944,72558,73574,73377,75432,77383,77571,78135,76008,73810,73187,73380,73153,71888,71585,69252,66394,63718,60442,85583,86566,85010,81257,79203,78723,77865,76802,77707,77849,76831,75901,75037,73227,74394,74152,76527,77945,77993,78617,76876,74718,73888,74642,73746,73524,72876,71166,67843,64597,61217,57484
WEST VIRGINIA,272266,273855,277452,280310,280958,283044,282870,282879,282662,282729,282535,281939,280866,280129,281215,282455,282885,286367,291811,297530,301419,304052,307112,310511,314383,318296,320249,322389,327540,335912,344236,351837,159595,162070,163654,163988,164805,165613,165556,164965,165408,164998,165796,166618,168623,169974,171613,172504,173868,175736,177870,179434,78305,79442,80142,80543,79957,80673,80805,81407,82349,83252,83990,84366,83677,82574,82375,82281,82857,84972,88049,91413,94012,20069,20324,19814,20196,20418,20181,20748,20493,20790,20162,20217,19935,19999,20670,20753,21041,21561,21995,21928,21732,21405,21944,22178,22236,22349,23556,24110,24302,24871,23792,25515,26266,16665,14949,15077,15253,15472,15781,15280,14660,13894,13150,12247,7469,8942,7989,7911,7734,6770,6152,6176,5822,4838,4433,3499,2754,3981,2308,1779,610,407,654,508,501,19521,19869,20163,20860,21541,21785,21172,21256,21454,20919,21300,24308,21428,20942,20946,20437,20247,20937,21216,21821,22282,22485,22577,22377,20077,22081,22192,22241,22455,23567,24629,25821,19402,19570,20418,21090,21319,20788,21026,21167,20741,21290,20901,21313,20751,20811,20446,20457,21134,21283,21800,22560,23169,23092,22875,22186,22623,23158,23131,23348,24653,25694,26420,27567,19150,19840,20485,20720,20284,20459,20623,20299,20885,20494,20795,20123,20195,19883,19846,20580,20570,21056,21736,22355,22346,22233,21610,22123,22254,22184,22418,23461,24270,24483,25487,24731,19659,20178,20494,19964,20224,20483,20225,20786,20394,20748,20068,20167,19840,19896,20559,20754,21002,21634,22117,22119,21877,21615,21991,22210,22181,22298,23453,24164,24445,24873,24154,26027
WISCONSIN,860753,864432,867800,871432,874414,872436,871105,872286,872436,873750,874633,876700,875174,864757,880031,881231,879361,879476,877753,879542,881780,879259,870175,860581,844001,829415,814671,797621,782905,774857,772363,767819,488983,489919,490627,491376,489324,487497,487558,485288,485983,487849,490371,492398,491782,503772,507941,509662,514482,517125,520961,523149,261916,262681,263896,264550,264739,265682,268295,273807,279000,284222,289421,292100,291176,286807,290219,289528,287557,284736,281314,278839,278072,61913,62408,60999,60795,61393,60670,60094,61015,61242,60319,59995,59356,59984,59267,61744,62436,63509,64455,64908,64255,63661,64670,65427,65996,63756,63365,61775,60794,59837,56814,53928,52659,55186,55436,55907,55831,56777,55008,54438,50200,47054,43161,37773,33821,31218,27444,26668,26092,24673,23751,20790,20131,19627,19790,18045,18531,17270,16227,13791,13265,12508,11502,11074,10710,56832,57332,58078,60424,61522,62422,60875,60721,61094,60384,59590,60408,60382,58724,59372,57670,57469,56507,58524,59611,60932,62455,62859,61898,61136,61568,63479,63539,62188,62754,62509,62635,57517,58225,60459,61498,62479,61037,60572,61262,60197,59790,60474,60696,59593,58521,58368,58538,58174,59962,61401,62652,64114,64925,64574,64040,64779,65255,65293,63140,63187,62459,62247,61096,58370,60524,61405,62312,60999,60585,60984,60226,59557,60497,60807,59703,58978,57807,58877,58628,60059,61205,62251,63506,64297,63921,63141,64247,64467,64424,62043,61526,60588,60142,59138,56272,60783,61750,62323,60885,60697,61243,60216,59981,60661,60981,60000,59554,58664,58874,59196,60819,61655,62810,63674,64307,64031,63286,64541,65127,65336,62749,62311,60775,60460,59390,56361,53332
WYOMING,94258,94170,94717,94067,92732,91533,90099,89009,88155,87161,86422,85193,84409,84733,87462,88116,88128,89940,92105,95241,97115,99058,99859,100314,100899,100313,102074,98226,97172,97793,98455,100955,58998,59453,58774,57628,56619,55666,54593,53885,52968,51939,50997,50375,50647,51351,52105,53091,54144,55493,57540,58894,27361,26924,26914,26732,26449,26243,26042,26223,26330,26526,27179,27198,27214,27448,27703,28190,29035,29783,30436,31292,31388,7537,7642,7551,7438,7086,7127,6790,6694,6683,6608,6493,6191,6111,5862,6174,6406,6587,6736,6878,6873,7061,7283,7577,7982,8046,8049,8269,7935,8126,8007,7538,7848,671,664,509,564,514,540,518,582,534,452,413,423,439,374,2184,1668,†,†,="0",="0",†,†,†,†,†,†,1505,–,="0",="0",="0",–,7469,7584,7841,7997,8141,8131,7873,7611,7406,7215,6891,6575,6381,6264,6224,6153,6002,5988,6133,6383,6496,6782,7135,6929,7190,7184,7606,7812,7865,8306,8516,9075,7118,7308,7660,7826,7837,7628,7441,7124,7064,6771,6566,6422,6257,6209,6039,6045,5871,6158,6400,6637,6902,7116,7102,7405,7652,7917,8437,8364,8622,8825,8811,9313,7179,7422,7704,7835,7609,7394,7104,7064,6774,6681,6513,6348,6185,5983,5978,5885,6204,6330,6487,6820,6987,6987,7148,7322,7605,7937,8018,7961,8136,8059,8424,8652,7411,7616,7839,7588,7410,7116,7115,6801,6693,6663,6488,6377,6056,6042,5842,6190,6374,6532,6736,6970,6833,7132,7311,7588,7968,8004,8066,8036,7852,8178,8168,7878
Totals:,50685567,50587859,50327015,50312581,50044522,49771118,49521669,49484181,49360982,49265572,49290559,49315842,49113298,48795465,48540215,48183086,47664934,47203539,46857149,46538585,46126897,45611046,44840481,44111482,43464916,42823312,42046878,41216683,40542707,40188690,40008213,39753172,30264633,30186600,30140726,30003490,29804221,29658843,29587080,29389847,29348894,29374927,29349039,29342880,29428518,29492838,29480046,29387656,29194497,28922893,28723324,28432860,15137495,15086350,15000580,14890763,14741829,14710505,14706085,14818110,14861801,14892541,14994666,14970959,14787952,14495524,14189201,13907507,13576984,13339942,13165830,12981206,12840160,3859475,3858436,3792735,3718873,3707733,3690224,3671865,3711341,3700530,3646896,3624382,3585891,3577506,3611638,3619089,3668517,3694894,3711427,3686366,3592153,3507457,3453769,3430583,3425951,3361110,3341737,3314926,3248065,3182098,3050506,2937636,2895932,1471216,1398324,1290617,1369355,1328434,1306991,1290977,1278678,1222860,1179507,1081114,1084391,1036466,990421,949649,914879,865086,776064,751175,728703,695120,670373,636846,602535,545135,504585,375458,303319,261683,224750,192860,†,3684238,3699159,3713104,3772413,3833526,3830982,3746415,3682092,3677971,3639750,3609414,3631002,3619421,3543554,3503280,3433895,3379151,3381579,3397198,3442874,3503491,3532263,3536227,3444276,3376998,3312777,3310934,3306329,3224675,3208374,3195533,3126595,3667166,3693847,3768136,3863494,3884820,3823604,3772639,3753951,3728773,3708485,3750072,3751144,3690854,3663005,3612509,3593839,3614069,3635665,3684123,3727158,3754594,3770420,3670903,3593382,3529072,3541708,3556280,3499434,3484789,3460049,3407072,3357949,3684091,3760772,3842454,3857196,3791122,3729465,3713225,3700668,3664697,3698723,3704004,3640702,3606405,3559854,3543781,3564873,3593337,3634415,3655721,3681463,3688972,3600076,3507022,3439828,3429243,3431291,3360170,3327454,3289081,3223428,3172777,3054039,3787970,3874023,3868950,3806164,3737690,3719135,3703314,3685833,3707038,3707772,3658857,3627487,3586107,3580462,3611041,3622790,3653313,3675802,3690653,3695643,3596887,3523762,3444740,3439042,3436978,3361362,3333962,3296720,3234961,3167036,3046374,2933018

Data Source: U.S. Department of Education National Center for Education Statistics Common Core of Data (CCD) "State Nonfiscal Public Elementary/Secondary Education Survey" 1986-87 v.1c  1987-88 v.1c  1988-89 v.1c  1989-90 v.1c  1990-91 v.1c  1991-92 v.1c  1992-93 v.1c  1993-94 v.1b  1994-95 v.1b  1995-96 v.1b  1996-97 v.1c  1997-98 v.1c  1998-99 v.1b  1999-00 v.1b  2000-01 v.1c  2001-02 v.1c  2002-03 v.1b  2003-04 v.1b  2004-05 v.1f  2005-06 v.1b  2006-07 v.1c  2007-08 v.1b  2008-09 v.1c  2009-10 v.1b  2010-11 v.1a  2011-12 v.1a  2012-13 v.1a  2013-14 v.1a  2016-17 v.1a  2017-18 v.1a; "State Nonfiscal Public Elementary/Secondary Education Survey Membership Data" 2014-15 v.1a  2015-16 v.1a.

† indicates that the data are not applicable.
– indicates that the data are missing.
‡ indicates that the data do not meet NCES data quality standards.
